fid,OBJECTID,DISTRICT,PRIMARY_OF,BIRTH_YR,CLEARCUT_Y,ELEVATION_,OFCLWCO__1,OUNAME,LEGAL_DESC,AVGAGE,UTMX,UTMY,Acres,Owner,Srvy_2015,Srvy_2013,Srvy_2014,Srvy_2016,Srvy_2017,Srvy_2018,Srvy_2019,Cut_Yr,Burned,layer,path,Site_ID_st,site,treatment,burned_2,salvage,logged,STD_ID,BIRTHYEAR,AGE,Stand ID,2023_Surve
"1","0",Clackamas,,,"0","1400","9757",,04S-04E-23,"97",556967,5006880,71.3561,BLM,"0","0","0","1","0","1","1","0",Yes,OSS_All_Units2,C:/Users/jasmi/OneDrive/Documents/Academic/OSU/Projects/OSS Project/Admin/Maps/OSS Shapefiles/WY OSS Shapefiles/OSS_All_Units2/OSS_All_Units2.shp,"9757","9757",BU,"1","0","0",,,,"9757",y
"2","0",Clackamas,,,"2015","0","408143",Jackson Tribs,05S-04E-06,"53",549668,5001240,62.7136,PBTF,"1","0","0","0","0","1","1","2015",No,OSS_All_Units2,C:/Users/jasmi/OneDrive/Documents/Academic/OSU/Projects/OSS Project/Admin/Maps/OSS Shapefiles/WY OSS Shapefiles/OSS_All_Units2/OSS_All_Units2.shp,"408143","408143",HU,"0","0","1",,,,"408143",y
"3","2141",Clackamas,"10097","1950",,,,,,,,,,,,,,,,,,,,CL_50older_6ac,/vsizip/C:/Users/jasmi/OneDrive/Documents/Academic/OSU/Projects/OSS Project/Admin/Maps/OSS Shapefiles/CL New Sites shp.zip/CL_50older_6ac.shp|layername=CL_50older_6ac,"10097",,,,,,,,,,
"4","2084",Clackamas,"10099","1950",,,,,,,,,,,,,,,,,,,,CL_50older_6ac,/vsizip/C:/Users/jasmi/OneDrive/Documents/Academic/OSU/Projects/OSS Project/Admin/Maps/OSS Shapefiles/CL New Sites shp.zip/CL_50older_6ac.shp|layername=CL_50older_6ac,"10099",,,,,,,,,,
"5","3716",Clackamas,"10344","1943",,,,,,,,,,,,,,,,,,,,CL_50older_6ac,/vsizip/C:/Users/jasmi/OneDrive/Documents/Academic/OSU/Projects/OSS Project/Admin/Maps/OSS Shapefiles/CL New Sites shp.zip/CL_50older_6ac.shp|layername=CL_50older_6ac,"10344",,,,,,,,,,
"6","0",Clackamas,,,"2013","0","33554",Longfellow,04S-03E-01,"67",548622,5011610,24.3227,PBTF,"1","0","0","1","0","1","1","2013",No,OSS_All_Units2,C:/Users/jasmi/OneDrive/Documents/Academic/OSU/Projects/OSS Project/Admin/Maps/OSS Shapefiles/WY OSS Shapefiles/OSS_All_Units2/OSS_All_Units2.shp,"33554",,HU,,,,,,,"33554",n
"7","2044",Clackamas,"10102","1955",,,,,,,,,,,,,,,,,,,,CL_50older_6ac,/vsizip/C:/Users/jasmi/OneDrive/Documents/Academic/OSU/Projects/OSS Project/Admin/Maps/OSS Shapefiles/CL New Sites shp.zip/CL_50older_6ac.shp|layername=CL_50older_6ac,"10102",,,,,,,,,,
"8","0",Clackamas,,,"2014","0","33810",Crooked Lock,05S-04E-08,"59",552069,4999410,112.356,PBTF,"0","0","0","1","0","1","1","2014",No,OSS_All_Units2,C:/Users/jasmi/OneDrive/Documents/Academic/OSU/Projects/OSS Project/Admin/Maps/OSS Shapefiles/WY OSS Shapefiles/OSS_All_Units2/OSS_All_Units2.shp,"33810","33810",HU,"0","0","1",,,,"33810",y
"9","26022",Clackamas,"10860","1955",,,,,,,,,,,,,,,,,,,,CL_50older_6ac,/vsizip/C:/Users/jasmi/OneDrive/Documents/Academic/OSU/Projects/OSS Project/Admin/Maps/OSS Shapefiles/CL New Sites shp.zip/CL_50older_6ac.shp|layername=CL_50older_6ac,"10860",,,,,,,,,,
"10","3792",Clackamas,"10347","1946",,,,,,,,,,,,,,,,,,,,CL_50older_6ac,/vsizip/C:/Users/jasmi/OneDrive/Documents/Academic/OSU/Projects/OSS Project/Admin/Maps/OSS Shapefiles/CL New Sites shp.zip/CL_50older_6ac.shp|layername=CL_50older_6ac,"10347",,,,,,,,,,
"11","5622",Clackamas,"10862","1955",,,,,,,,,,,,,,,,,,,,CL_50older_6ac,/vsizip/C:/Users/jasmi/OneDrive/Documents/Academic/OSU/Projects/OSS Project/Admin/Maps/OSS Shapefiles/CL New Sites shp.zip/CL_50older_6ac.shp|layername=CL_50older_6ac,"10862",,,,,,,,,,
"12","0",Snowpeak,,,"2017","2450","20194",,11S-02E-13,"53",538393,4939770,99.6446,WY,"1","0","0","1","0","0","1","2017",No,OSS_All_Units2,C:/Users/jasmi/OneDrive/Documents/Academic/OSU/Projects/OSS Project/Admin/Maps/OSS Shapefiles/WY OSS Shapefiles/OSS_All_Units2/OSS_All_Units2.shp,"20194",,HU,,,,,,,"20194",n
"13","13800",Clackamas,"10879","1951",,,,,,,,,,,,,,,,,,,,CL_50older_6ac,/vsizip/C:/Users/jasmi/OneDrive/Documents/Academic/OSU/Projects/OSS Project/Admin/Maps/OSS Shapefiles/CL New Sites shp.zip/CL_50older_6ac.shp|layername=CL_50older_6ac,"10879",,,,,,,,,,
"14","11291",Clackamas,"10093","1948",,,,,,,,,,,,,,,,,,,,CL_50older_6ac,/vsizip/C:/Users/jasmi/OneDrive/Documents/Academic/OSU/Projects/OSS Project/Admin/Maps/OSS Shapefiles/CL New Sites shp.zip/CL_50older_6ac.shp|layername=CL_50older_6ac,"10093",,,,,,,,,,
"15","16244",Snowpeak,,,"2014","2350","20698",,10S-02E-30,"53",530940,4947070,117.584,WY,"0","0","0","0","0","1","1","2015",No,OSS_All_Units2,C:/Users/jasmi/OneDrive/Documents/Academic/OSU/Projects/OSS Project/Admin/Maps/OSS Shapefiles/WY OSS Shapefiles/OSS_All_Units2/OSS_All_Units2.shp,"20698",,HU,,,,,,,"20698",n
"16","72093",Snowpeak,,,"2017","0","21213",,11S-01E-22,"67",526392,4938420,52.6652,WY,"1","0","0","1","0","0","1","2018",No,OSS_All_Units2,C:/Users/jasmi/OneDrive/Documents/Academic/OSU/Projects/OSS Project/Admin/Maps/OSS Shapefiles/WY OSS Shapefiles/OSS_All_Units2/OSS_All_Units2.shp,"21213",,HU,,,,,,,"21213",n
"17","0",Clackamas,,,"2018","0","408161",Jackson Cleanup,05S-04E-06,"55",550749,5000710,96.9589,PBTF,"1","0","0","1","0","1","1","2020",No,OSS_All_Units2,C:/Users/jasmi/OneDrive/Documents/Academic/OSU/Projects/OSS Project/Admin/Maps/OSS Shapefiles/WY OSS Shapefiles/OSS_All_Units2/OSS_All_Units2.shp,"408161","408161",UU,"0","0","1",,,,"408161",y
"18","0",Clackamas,,,"2017","0","408162",Little Clear Alder,05S-04E-04,"52",553438,5001510,90.494,PBTF,"1","0","0","1","0","0","1","2017",No,OSS_All_Units2,C:/Users/jasmi/OneDrive/Documents/Academic/OSU/Projects/OSS Project/Admin/Maps/OSS Shapefiles/WY OSS Shapefiles/OSS_All_Units2/OSS_All_Units2.shp,"408162","408162",HU,"0","0","1",,,,"408162",y
"19","2488",Clackamas,"10106","1951",,,,,,,,,,,,,,,,,,,,CL_50older_6ac,/vsizip/C:/Users/jasmi/OneDrive/Documents/Academic/OSU/Projects/OSS Project/Admin/Maps/OSS Shapefiles/CL New Sites shp.zip/CL_50older_6ac.shp|layername=CL_50older_6ac,"10106",,,,,,,,,,
"20","76939",Clackamas,"11087","1957",,,,,,,,,,,,,,,,,,,,CL_50older_6ac,/vsizip/C:/Users/jasmi/OneDrive/Documents/Academic/OSU/Projects/OSS Project/Admin/Maps/OSS Shapefiles/CL New Sites shp.zip/CL_50older_6ac.shp|layername=CL_50older_6ac,"11087",,,,,,,,,,
"21","1909",Clackamas,"10107","1947",,,,,,,,,,,,,,,,,,,,CL_50older_6ac,/vsizip/C:/Users/jasmi/OneDrive/Documents/Academic/OSU/Projects/OSS Project/Admin/Maps/OSS Shapefiles/CL New Sites shp.zip/CL_50older_6ac.shp|layername=CL_50older_6ac,"10107",,,,,,,,,,
"22","0",North Cascade,,,"2015","1940","12362",,09S-03E-17,"51",542731,4958920,39.8638,ODF,"0","0","0","0","0","1","1","2015",Yes,OSS_All_Units2,C:/Users/jasmi/OneDrive/Documents/Academic/OSU/Projects/OSS Project/Admin/Maps/OSS Shapefiles/WY OSS Shapefiles/OSS_All_Units2/OSS_All_Units2.shp,"12362","12362",HB,"1","0","0",,,,"12362",y
"23","0",North Cascade,,,"2015","1640","12364",,09S-03E-20,"61",541620,4958230,74.0266,ODF,"1","0","0","0","0","1","1","2015",Yes,OSS_All_Units2,C:/Users/jasmi/OneDrive/Documents/Academic/OSU/Projects/OSS Project/Admin/Maps/OSS Shapefiles/WY OSS Shapefiles/OSS_All_Units2/OSS_All_Units2.shp,"12364","12364",HB,"1","0","1",,,,"12364",y
"24","72385",Clackamas,"11079","1955",,,,,,,,,,,,,,,,,,,,CL_50older_6ac,/vsizip/C:/Users/jasmi/OneDrive/Documents/Academic/OSU/Projects/OSS Project/Admin/Maps/OSS Shapefiles/CL New Sites shp.zip/CL_50older_6ac.shp|layername=CL_50older_6ac,"11079","11079",HB,"1","0","1",,,,"11079",y
"25","14868",Clackamas,"10067","1956",,,,,,,,,,,,,,,,,,,,CL_50older_6ac,/vsizip/C:/Users/jasmi/OneDrive/Documents/Academic/OSU/Projects/OSS Project/Admin/Maps/OSS Shapefiles/CL New Sites shp.zip/CL_50older_6ac.shp|layername=CL_50older_6ac,"10067",,,,,,,,,,
"26","0",Clackamas,,,"0","900","13924",,06S-02E-19,"84",530550,4986750,191.039,BLM,"0","0","0","1","0","1","1","0",No,OSS_All_Units2,C:/Users/jasmi/OneDrive/Documents/Academic/OSU/Projects/OSS Project/Admin/Maps/OSS Shapefiles/WY OSS Shapefiles/OSS_All_Units2/OSS_All_Units2.shp,"13924","13924",UU,"0","0","0",,,,"13924",y
"27","72705",Clackamas,"11081","1950",,,,,,,,,,,,,,,,,,,,CL_50older_6ac,/vsizip/C:/Users/jasmi/OneDrive/Documents/Academic/OSU/Projects/OSS Project/Admin/Maps/OSS Shapefiles/CL New Sites shp.zip/CL_50older_6ac.shp|layername=CL_50older_6ac,"11081",,,,,,,,,,
"28","72705",Clackamas,"11081","1950",,,,,,,,,,,,,,,,,,,,CL_50older_6ac,/vsizip/C:/Users/jasmi/OneDrive/Documents/Academic/OSU/Projects/OSS Project/Admin/Maps/OSS Shapefiles/CL New Sites shp.zip/CL_50older_6ac.shp|layername=CL_50older_6ac,"11081",,,,,,,,,,
"29","3053",Snowpeak,,,"0","1550","20288",,11S-02E-17,"62",530560,4938730,127.283,WY,"1","0","0","1","0","1","1","2023",No,OSS_All_Units2,C:/Users/jasmi/OneDrive/Documents/Academic/OSU/Projects/OSS Project/Admin/Maps/OSS Shapefiles/WY OSS Shapefiles/OSS_All_Units2/OSS_All_Units2.shp,"20288",,HU,,,,,,,"20288",n
"30","2934",Snowpeak,,,"2016","2300","20543",,11S-01E-12,"60",529016,4941360,101.558,WY,"1","0","0","0","0","1","1","2016",No,OSS_All_Units2,C:/Users/jasmi/OneDrive/Documents/Academic/OSU/Projects/OSS Project/Admin/Maps/OSS Shapefiles/WY OSS Shapefiles/OSS_All_Units2/OSS_All_Units2.shp,"20543",,HU,,,,,,,"20543",n
"31","0",Clackamas,,,"2018","0","33651",Old Man Hill,04S-04E-25,"68",557761,5004360,72.8418,PBTF,"1","0","0","0","0","1","1","2016",Yes,OSS_All_Units2,C:/Users/jasmi/OneDrive/Documents/Academic/OSU/Projects/OSS Project/Admin/Maps/OSS Shapefiles/WY OSS Shapefiles/OSS_All_Units2/OSS_All_Units2.shp,"33651","33651",HB,"1","0","1",,,,"33651",y
"32","72708",Clackamas,"11084","1933",,,,,,,,,,,,,,,,,,,,CL_50older_6ac,/vsizip/C:/Users/jasmi/OneDrive/Documents/Academic/OSU/Projects/OSS Project/Admin/Maps/OSS Shapefiles/CL New Sites shp.zip/CL_50older_6ac.shp|layername=CL_50older_6ac,"11084",,,,,,,,,,
"33","3406",Snowpeak,,,"2014","2100","20031",,12S-02E-07,"72",531517,4931670,54.6521,WY,"1","0","0","1","0","1","1","2014",No,OSS_All_Units2,C:/Users/jasmi/OneDrive/Documents/Academic/OSU/Projects/OSS Project/Admin/Maps/OSS Shapefiles/WY OSS Shapefiles/OSS_All_Units2/OSS_All_Units2.shp,"20031",,HU,,,,,,,"20031",n
"34","20946",Snowpeak,,,"0","2100","20291",,11S-02E-18,"62",530398,4939440,86.242,WY,"1","0","0","1","0","0","0","2019",No,OSS_All_Units2,C:/Users/jasmi/OneDrive/Documents/Academic/OSU/Projects/OSS Project/Admin/Maps/OSS Shapefiles/WY OSS Shapefiles/OSS_All_Units2/OSS_All_Units2.shp,"20291",,HU,,,,,,,"20291",n
"35","2665",Clackamas,"10060","1956",,,,,,,,,,,,,,,,,,,,CL_50older_6ac,/vsizip/C:/Users/jasmi/OneDrive/Documents/Academic/OSU/Projects/OSS Project/Admin/Maps/OSS Shapefiles/CL New Sites shp.zip/CL_50older_6ac.shp|layername=CL_50older_6ac,"10060",,,,,,,,,,
"36","36420",Clackamas,"10061","1958",,,,,,,,,,,,,,,,,,,,CL_50older_6ac,/vsizip/C:/Users/jasmi/OneDrive/Documents/Academic/OSU/Projects/OSS Project/Admin/Maps/OSS Shapefiles/CL New Sites shp.zip/CL_50older_6ac.shp|layername=CL_50older_6ac,"10061",,,,,,,,,,
"37","2912",Snowpeak,,,"0","1650","20550",,11S-01E-11,"52",527457,4942190,61.272,WY,"1","0","0","1","0","1","1","2020",No,OSS_All_Units2,C:/Users/jasmi/OneDrive/Documents/Academic/OSU/Projects/OSS Project/Admin/Maps/OSS Shapefiles/WY OSS Shapefiles/OSS_All_Units2/OSS_All_Units2.shp,"20550","20550",HU,"0","0","1",,,,"20550",n
"38","6852",Snowpeak,,,"0","2000","20535",,11S-01E-14,"60",528034,4939980,66.6557,WY,"1","0","0","1","0","1","1","2020",No,OSS_All_Units2,C:/Users/jasmi/OneDrive/Documents/Academic/OSU/Projects/OSS Project/Admin/Maps/OSS Shapefiles/WY OSS Shapefiles/OSS_All_Units2/OSS_All_Units2.shp,"20535",,HU,,,,,,,"20535",n
"39","25648",Snowpeak,,,"2013","1350","20281",,11S-02E-19,"71",530489,4937370,110.907,WY,"1","0","0","1","0","1","1","2014",No,OSS_All_Units2,C:/Users/jasmi/OneDrive/Documents/Academic/OSU/Projects/OSS Project/Admin/Maps/OSS Shapefiles/WY OSS Shapefiles/OSS_All_Units2/OSS_All_Units2.shp,"20281",,HU,,,,,,,"20281",n
"40","10140",Snowpeak,,,"2015","2350","20536",,11S-01E-13,"62",529256,4939910,106.361,WY,"0","0","0","1","0","1","1","2015",No,OSS_All_Units2,C:/Users/jasmi/OneDrive/Documents/Academic/OSU/Projects/OSS Project/Admin/Maps/OSS Shapefiles/WY OSS Shapefiles/OSS_All_Units2/OSS_All_Units2.shp,"20536",,HU,,,,,,,"20536",n
"41","29853",Snowpeak,,,"0","1500","20283",,11S-02E-20,"69",531833,4937880,50.1,WY,"1","0","0","1","0","1","1","2020",No,OSS_All_Units2,C:/Users/jasmi/OneDrive/Documents/Academic/OSU/Projects/OSS Project/Admin/Maps/OSS Shapefiles/WY OSS Shapefiles/OSS_All_Units2/OSS_All_Units2.shp,"20283",,HU,,,,,,,"20283",n
"42","10379",Snowpeak,,,"0","2450","20538",,"11S-01E-12, 13","60",529422,4940880,64.3222,WY,"1","0","0","1","0","1","0","2018",No,OSS_All_Units2,C:/Users/jasmi/OneDrive/Documents/Academic/OSU/Projects/OSS Project/Admin/Maps/OSS Shapefiles/WY OSS Shapefiles/OSS_All_Units2/OSS_All_Units2.shp,"20538",,HU,,,,,,,"20538",n
"43","11732",Clackamas,"10082","1948",,,,,,,,,,,,,,,,,,,,CL_50older_6ac,/vsizip/C:/Users/jasmi/OneDrive/Documents/Academic/OSU/Projects/OSS Project/Admin/Maps/OSS Shapefiles/CL New Sites shp.zip/CL_50older_6ac.shp|layername=CL_50older_6ac,"10082",,,,,,,,,,
"44","10026",Clackamas,,,"2014","2500","10597",,05S-04E-32,"59",551516,4992630,114.826,WY,"0","0","0","1","0","1","1","2015",Yes,OSS_All_Units2,C:/Users/jasmi/OneDrive/Documents/Academic/OSU/Projects/OSS Project/Admin/Maps/OSS Shapefiles/WY OSS Shapefiles/OSS_All_Units2/OSS_All_Units2.shp,"10597","10597",HB,"1","0","1",,,,"10597",y
"45","2602",Clackamas,"10083","1949",,,,,,,,,,,,,,,,,,,,CL_50older_6ac,/vsizip/C:/Users/jasmi/OneDrive/Documents/Academic/OSU/Projects/OSS Project/Admin/Maps/OSS Shapefiles/CL New Sites shp.zip/CL_50older_6ac.shp|layername=CL_50older_6ac,"10083",,,,,,,,,,
"46","2927",Snowpeak,,,"2017","2700","20540",,11S-02E-07,"55",530265,4941610,40.3206,WY,"1","0","0","1","0","1","1","2017",No,OSS_All_Units2,C:/Users/jasmi/OneDrive/Documents/Academic/OSU/Projects/OSS Project/Admin/Maps/OSS Shapefiles/WY OSS Shapefiles/OSS_All_Units2/OSS_All_Units2.shp,"20540",,HU,,,,,,,"20540",n
"47","2566",Clackamas,"10085","1949",,,,,,,,,,,,,,,,,,,,CL_50older_6ac,/vsizip/C:/Users/jasmi/OneDrive/Documents/Academic/OSU/Projects/OSS Project/Admin/Maps/OSS Shapefiles/CL New Sites shp.zip/CL_50older_6ac.shp|layername=CL_50older_6ac,"10085",,,,,,,,,,
"48","16558",Clackamas,"10584","1957",,,,,,,,,,,,,,,,,,,,CL_50older_6ac,/vsizip/C:/Users/jasmi/OneDrive/Documents/Academic/OSU/Projects/OSS Project/Admin/Maps/OSS Shapefiles/CL New Sites shp.zip/CL_50older_6ac.shp|layername=CL_50older_6ac,"10584",,,,,,,,,,
"49","2464",Clackamas,"10086","1949",,,,,,,,,,,,,,,,,,,,CL_50older_6ac,/vsizip/C:/Users/jasmi/OneDrive/Documents/Academic/OSU/Projects/OSS Project/Admin/Maps/OSS Shapefiles/CL New Sites shp.zip/CL_50older_6ac.shp|layername=CL_50older_6ac,"10086",,,,,,,,,,
"50","0",Snowpeak,,,"2015","1150","20497",,11S-01E-34,"85",526233,4935370,71.0804,WY,"0","0","0","1","0","1","1","2015",No,OSS_All_Units2,C:/Users/jasmi/OneDrive/Documents/Academic/OSU/Projects/OSS Project/Admin/Maps/OSS Shapefiles/WY OSS Shapefiles/OSS_All_Units2/OSS_All_Units2.shp,"20497",,HU,,,,,,,"20497",n
"51","110116",Clackamas,"10075","1948",,,,,,,,,,,,,,,,,,,,CL_50older_6ac,/vsizip/C:/Users/jasmi/OneDrive/Documents/Academic/OSU/Projects/OSS Project/Admin/Maps/OSS Shapefiles/CL New Sites shp.zip/CL_50older_6ac.shp|layername=CL_50older_6ac,"10075",,,,,,,,,,
"52","16419",Clackamas,"10077","1957",,,,,,,,,,,,,,,,,,,,CL_50older_6ac,/vsizip/C:/Users/jasmi/OneDrive/Documents/Academic/OSU/Projects/OSS Project/Admin/Maps/OSS Shapefiles/CL New Sites shp.zip/CL_50older_6ac.shp|layername=CL_50older_6ac,"10077",,,,,,,,,,
"53","0",Clackamas,,,"0","800","12213",,06S-02E-05,"84",532072,4991920,39.4433,BLM,"0","0","0","1","0","1","1","0",No,OSS_All_Units2,C:/Users/jasmi/OneDrive/Documents/Academic/OSU/Projects/OSS Project/Admin/Maps/OSS Shapefiles/WY OSS Shapefiles/OSS_All_Units2/OSS_All_Units2.shp,"12213","12213",UU,"0","0","0",,,,"12213",y
"54","18469",Clackamas,"10078","1949",,,,,,,,,,,,,,,,,,,,CL_50older_6ac,/vsizip/C:/Users/jasmi/OneDrive/Documents/Academic/OSU/Projects/OSS Project/Admin/Maps/OSS Shapefiles/CL New Sites shp.zip/CL_50older_6ac.shp|layername=CL_50older_6ac,"10078","10078",HB,"1","0","1",,,,"10078",y
"55","3028",Snowpeak,,,"2014","2200","20232",,11S-02E-16,"71",534590,4939050,56.1343,WY,"0","0","0","1","0","1","1","2015",No,OSS_All_Units2,C:/Users/jasmi/OneDrive/Documents/Academic/OSU/Projects/OSS Project/Admin/Maps/OSS Shapefiles/WY OSS Shapefiles/OSS_All_Units2/OSS_All_Units2.shp,"20232",,HU,,,,,,,"20232",n
"56","2226",Clackamas,"10160","1948",,,,,,,,,,,,,,,,,,,,CL_50older_6ac,/vsizip/C:/Users/jasmi/OneDrive/Documents/Academic/OSU/Projects/OSS Project/Admin/Maps/OSS Shapefiles/CL New Sites shp.zip/CL_50older_6ac.shp|layername=CL_50older_6ac,"10160",,,,,,,,,,
"57","3023",Snowpeak,,,"2016","2950","20236",,11S-02E-16,"58",533524,4939000,44.179,WY,"1","0","0","1","0","1","1","2020",No,OSS_All_Units2,C:/Users/jasmi/OneDrive/Documents/Academic/OSU/Projects/OSS Project/Admin/Maps/OSS Shapefiles/WY OSS Shapefiles/OSS_All_Units2/OSS_All_Units2.shp,"20236",,HU,,,,,,,"20236",n
"58","12638",Clackamas,"10422","1948",,,,,,,,,,,,,,,,,,,,CL_50older_6ac,/vsizip/C:/Users/jasmi/OneDrive/Documents/Academic/OSU/Projects/OSS Project/Admin/Maps/OSS Shapefiles/CL New Sites shp.zip/CL_50older_6ac.shp|layername=CL_50older_6ac,"10422","10422",BS,"1","1","0",,,,"10422",y
"59","11699",Snowpeak,,,"0","3350","20237",,11S-02E-16,"62",533880,4939640,94.7823,WY,"1","0","0","1","0","1","0","2017",No,OSS_All_Units2,C:/Users/jasmi/OneDrive/Documents/Academic/OSU/Projects/OSS Project/Admin/Maps/OSS Shapefiles/WY OSS Shapefiles/OSS_All_Units2/OSS_All_Units2.shp,"20237",,HU,,,,,,,"20237",n
"60","172359",Clackamas,"10663","1950",,,,,,,,,,,,,,,,,,,,CL_50older_6ac,/vsizip/C:/Users/jasmi/OneDrive/Documents/Academic/OSU/Projects/OSS Project/Admin/Maps/OSS Shapefiles/CL New Sites shp.zip/CL_50older_6ac.shp|layername=CL_50older_6ac,"10663",,,,,,,,,,
"61","6236",Snowpeak,,,"0","3100","21026",,11S-02E-06,"54",531282,4943940,80.3483,WY,"1","0","0","1","0","1","1","2017",No,OSS_All_Units2,C:/Users/jasmi/OneDrive/Documents/Academic/OSU/Projects/OSS Project/Admin/Maps/OSS Shapefiles/WY OSS Shapefiles/OSS_All_Units2/OSS_All_Units2.shp,"21026","21026",HU,"0","0","1",,,,"21026",y
"62","0",Clackamas,,,"2020","2600","10153",,05S-04E-20,"66",551576,4996170,88.3602,WY,"1","0","0","1","0","1","1","2020",Yes,OSS_All_Units2,C:/Users/jasmi/OneDrive/Documents/Academic/OSU/Projects/OSS Project/Admin/Maps/OSS Shapefiles/WY OSS Shapefiles/OSS_All_Units2/OSS_All_Units2.shp,"10153","10153",BS,"1","1","0",,,,"10153",y
"63","2876",Snowpeak,,,"0","3100","21029",,11S-02E-06,"59",530915,4942980,43.8643,WY,"1","0","0","1","0","1","1","2022",No,OSS_All_Units2,C:/Users/jasmi/OneDrive/Documents/Academic/OSU/Projects/OSS Project/Admin/Maps/OSS Shapefiles/WY OSS Shapefiles/OSS_All_Units2/OSS_All_Units2.shp,"21029",,UU,,,,,,,"21029",n
"64","33222",Clackamas,"10432","1952",,,,,,,,,,,,,,,,,,,,CL_50older_6ac,/vsizip/C:/Users/jasmi/OneDrive/Documents/Academic/OSU/Projects/OSS Project/Admin/Maps/OSS Shapefiles/CL New Sites shp.zip/CL_50older_6ac.shp|layername=CL_50older_6ac,"10432",,,,,,,,,,
"65","3350",Clackamas,"10435","1949",,,,,,,,,,,,,,,,,,,,CL_50older_6ac,/vsizip/C:/Users/jasmi/OneDrive/Documents/Academic/OSU/Projects/OSS Project/Admin/Maps/OSS Shapefiles/CL New Sites shp.zip/CL_50older_6ac.shp|layername=CL_50older_6ac,"10435",,,,,,,,,,
"66","6221",Snowpeak,,,"2014","2250","21019",,10S-01E-36,"50",528711,4944470,98.8547,WY,"1","0","0","1","0","1","1","2014",No,OSS_All_Units2,C:/Users/jasmi/OneDrive/Documents/Academic/OSU/Projects/OSS Project/Admin/Maps/OSS Shapefiles/WY OSS Shapefiles/OSS_All_Units2/OSS_All_Units2.shp,"21019",,HU,,,,,,,"21019",n
"67","3233",Clackamas,"10436","1949",,,,,,,,,,,,,,,,,,,,CL_50older_6ac,/vsizip/C:/Users/jasmi/OneDrive/Documents/Academic/OSU/Projects/OSS Project/Admin/Maps/OSS Shapefiles/CL New Sites shp.zip/CL_50older_6ac.shp|layername=CL_50older_6ac,"10436",,,,,,,,,,
"68","3555",Clackamas,"10424","1929",,,,,,,,,,,,,,,,,,,,CL_50older_6ac,/vsizip/C:/Users/jasmi/OneDrive/Documents/Academic/OSU/Projects/OSS Project/Admin/Maps/OSS Shapefiles/CL New Sites shp.zip/CL_50older_6ac.shp|layername=CL_50older_6ac,"10424",,,,,,,,,,
"69","3304",Clackamas,"10427","1958",,,,,,,,,,,,,,,,,,,,CL_50older_6ac,/vsizip/C:/Users/jasmi/OneDrive/Documents/Academic/OSU/Projects/OSS Project/Admin/Maps/OSS Shapefiles/CL New Sites shp.zip/CL_50older_6ac.shp|layername=CL_50older_6ac,"10427",,,,,,,,,,
"70","3304",Clackamas,"10427","1958",,,,,,,,,,,,,,,,,,,,CL_50older_6ac,/vsizip/C:/Users/jasmi/OneDrive/Documents/Academic/OSU/Projects/OSS Project/Admin/Maps/OSS Shapefiles/CL New Sites shp.zip/CL_50older_6ac.shp|layername=CL_50older_6ac,"10427",,,,,,,,,,
"71","3410",Clackamas,"10429","1952",,,,,,,,,,,,,,,,,,,,CL_50older_6ac,/vsizip/C:/Users/jasmi/OneDrive/Documents/Academic/OSU/Projects/OSS Project/Admin/Maps/OSS Shapefiles/CL New Sites shp.zip/CL_50older_6ac.shp|layername=CL_50older_6ac,"10429",,,,,,,,,,
"72","0",Clackamas,,,"0","1500","16804",,07S-03E-05,"100",541176,4982530,27.7418,BLM,"0","0","0","1","0","1","1","0",Yes,OSS_All_Units2,C:/Users/jasmi/OneDrive/Documents/Academic/OSU/Projects/OSS Project/Admin/Maps/OSS Shapefiles/WY OSS Shapefiles/OSS_All_Units2/OSS_All_Units2.shp,"16804","16804",BU,"1","0","0",,,,"16804",y
"73","15510",Clackamas,"10430","1954",,,,,,,,,,,,,,,,,,,,CL_50older_6ac,/vsizip/C:/Users/jasmi/OneDrive/Documents/Academic/OSU/Projects/OSS Project/Admin/Maps/OSS Shapefiles/CL New Sites shp.zip/CL_50older_6ac.shp|layername=CL_50older_6ac,"10430",,,,,,,,,,
"74","0",Clackamas,,,"2014","0","33628",Burn Pit,04S-04E-26,"57",556360,5005250,52.0473,PBTF,"1","0","0","0","0","1","1","2015",Yes,OSS_All_Units2,C:/Users/jasmi/OneDrive/Documents/Academic/OSU/Projects/OSS Project/Admin/Maps/OSS Shapefiles/WY OSS Shapefiles/OSS_All_Units2/OSS_All_Units2.shp,"33628","33628",HB,"1","0","1",,,,"33628",y
"75","12067",Clackamas,,,"2014","2900","10399",,"06S-03E-35,36","52",547487,4983790,70.5487,WY,"1","0","0","1","0","1","1","2014",No,OSS_All_Units2,C:/Users/jasmi/OneDrive/Documents/Academic/OSU/Projects/OSS Project/Admin/Maps/OSS Shapefiles/WY OSS Shapefiles/OSS_All_Units2/OSS_All_Units2.shp,"10399","10399",HU,"0","0","1",,,,"10399",y
"76","10364",Snowpeak,,,"2017","1700","20600",,11S-01E-10,"58",526685,4941520,29.4589,WY,"1","0","0","1","0","1","1","2017",No,OSS_All_Units2,C:/Users/jasmi/OneDrive/Documents/Academic/OSU/Projects/OSS Project/Admin/Maps/OSS Shapefiles/WY OSS Shapefiles/OSS_All_Units2/OSS_All_Units2.shp,"20600",,HU,,,,,,,"20600",n
"77","9154",Snowpeak,,,"2013","1950","20088",,11S-02E-34,"67",535742,4934410,105.469,WY,"1","0","0","1","0","1","1","2013",No,OSS_All_Units2,C:/Users/jasmi/OneDrive/Documents/Academic/OSU/Projects/OSS Project/Admin/Maps/OSS Shapefiles/WY OSS Shapefiles/OSS_All_Units2/OSS_All_Units2.shp,"20088",,HU,,,,,,,"20088",n
"78","3193",Clackamas,"10403","1948",,,,,,,,,,,,,,,,,,,,CL_50older_6ac,/vsizip/C:/Users/jasmi/OneDrive/Documents/Academic/OSU/Projects/OSS Project/Admin/Maps/OSS Shapefiles/CL New Sites shp.zip/CL_50older_6ac.shp|layername=CL_50older_6ac,"10403","10403",BS,"1","1","0",,,,"10403",y
"79","9175",Snowpeak,,,"2013","1950","20090",,11S-02E-35,"64",536536,4934870,29.1389,WY,"1","0","0","1","0","1","1","2013",No,OSS_All_Units2,C:/Users/jasmi/OneDrive/Documents/Academic/OSU/Projects/OSS Project/Admin/Maps/OSS Shapefiles/WY OSS Shapefiles/OSS_All_Units2/OSS_All_Units2.shp,"20090",,HU,,,,,,,"20090",n
"80","0",Snowpeak,,,"0","0","25954",,09S-02E-13,"74",538282,4960060,41.879,BLM,"0","0","0","1","0","1","1","0",Yes,OSS_All_Units2,C:/Users/jasmi/OneDrive/Documents/Academic/OSU/Projects/OSS Project/Admin/Maps/OSS Shapefiles/WY OSS Shapefiles/OSS_All_Units2/OSS_All_Units2.shp,"25954","25954",BU,"1","0","0",,,,"25954",y
"81","10138",Snowpeak,,,"2016","2000","20560",,11S-01E-11,"59",527795,4941200,46.4291,WY,"1","0","0","1","0","1","1","2016",No,OSS_All_Units2,C:/Users/jasmi/OneDrive/Documents/Academic/OSU/Projects/OSS Project/Admin/Maps/OSS Shapefiles/WY OSS Shapefiles/OSS_All_Units2/OSS_All_Units2.shp,"20560",,HU,,,,,,,"20560",n
"82","26602",Snowpeak,,,"2014","900","20818",,"10S-01E-27, 26","90",526787,4946990,94.1728,WY,"1","0","0","0","0","1","1","2016",No,OSS_All_Units2,C:/Users/jasmi/OneDrive/Documents/Academic/OSU/Projects/OSS Project/Admin/Maps/OSS Shapefiles/WY OSS Shapefiles/OSS_All_Units2/OSS_All_Units2.shp,"20818",,HU,,,,,,,"20818",n
"83","10370",Snowpeak,,,"2015","2050","20565",,11S-01E-14,"58",527679,4940430,117.385,WY,"0","0","0","1","0","1","1","2015",No,OSS_All_Units2,C:/Users/jasmi/OneDrive/Documents/Academic/OSU/Projects/OSS Project/Admin/Maps/OSS Shapefiles/WY OSS Shapefiles/OSS_All_Units2/OSS_All_Units2.shp,"20565",,HU,,,,,,,"20565",n
"84","2285",Clackamas,"10992","1948",,,,,,,,,,,,,,,,,,,,CL_50older_6ac,/vsizip/C:/Users/jasmi/OneDrive/Documents/Academic/OSU/Projects/OSS Project/Admin/Maps/OSS Shapefiles/CL New Sites shp.zip/CL_50older_6ac.shp|layername=CL_50older_6ac,"10992",,,,,,,,,,
"85","0",Snowpeak,,,"2018","2450","20053",,12S-02E-04,"67",534331,4932990,104.31,WY,"1","0","0","1","0","0","1","2018",No,OSS_All_Units2,C:/Users/jasmi/OneDrive/Documents/Academic/OSU/Projects/OSS Project/Admin/Maps/OSS Shapefiles/WY OSS Shapefiles/OSS_All_Units2/OSS_All_Units2.shp,"20053","20053",HU,"0","0","1",,,,"20053",y
"86","0",Snowpeak,,,"2019","2900","20039",H-531,12S-02E-08,"62",533006,4930880,92.7975,WY,"1","0","0","1","0","1","1","2019",No,OSS_All_Units2,C:/Users/jasmi/OneDrive/Documents/Academic/OSU/Projects/OSS Project/Admin/Maps/OSS Shapefiles/WY OSS Shapefiles/OSS_All_Units2/OSS_All_Units2.shp,"20039","20039",HU,"0","0","1",,,,"20039",y
"87","4612",Clackamas,"10736","1952",,,,,,,,,,,,,,,,,,,,CL_50older_6ac,/vsizip/C:/Users/jasmi/OneDrive/Documents/Academic/OSU/Projects/OSS Project/Admin/Maps/OSS Shapefiles/CL New Sites shp.zip/CL_50older_6ac.shp|layername=CL_50older_6ac,"10736",,,,,,,,,,
"88","1021",Clackamas,,,"2016","2750","10482",,06S-03E-12,"57",548530,4990070,134.955,WY,"1","0","0","1","0","1","1","2016",Yes,OSS_All_Units2,C:/Users/jasmi/OneDrive/Documents/Academic/OSU/Projects/OSS Project/Admin/Maps/OSS Shapefiles/WY OSS Shapefiles/OSS_All_Units2/OSS_All_Units2.shp,"10482",,HB,,,,,,,"10482",n
"89","4584",Clackamas,"10738","1950",,,,,,,,,,,,,,,,,,,,CL_50older_6ac,/vsizip/C:/Users/jasmi/OneDrive/Documents/Academic/OSU/Projects/OSS Project/Admin/Maps/OSS Shapefiles/CL New Sites shp.zip/CL_50older_6ac.shp|layername=CL_50older_6ac,"10738",,,,,,,,,,
"90","0",Snowpeak,,,"0","0","29889",,11S-01E-3,"64",526554,4942640,39.7789,BLM,"0","0","0","1","0","1","1","0",No,OSS_All_Units2,C:/Users/jasmi/OneDrive/Documents/Academic/OSU/Projects/OSS Project/Admin/Maps/OSS Shapefiles/WY OSS Shapefiles/OSS_All_Units2/OSS_All_Units2.shp,"29889","29889",UU,"0","0","0",,,,"29889",y
"91","61191",Clackamas,"10486","1951",,,,,,,,,,,,,,,,,,,,CL_50older_6ac,/vsizip/C:/Users/jasmi/OneDrive/Documents/Academic/OSU/Projects/OSS Project/Admin/Maps/OSS Shapefiles/CL New Sites shp.zip/CL_50older_6ac.shp|layername=CL_50older_6ac,"10486",,,,,,,,,,
"92","2707",Clackamas,"10471","1949",,,,,,,,,,,,,,,,,,,,CL_50older_6ac,/vsizip/C:/Users/jasmi/OneDrive/Documents/Academic/OSU/Projects/OSS Project/Admin/Maps/OSS Shapefiles/CL New Sites shp.zip/CL_50older_6ac.shp|layername=CL_50older_6ac,"10471",,,,,,,,,,
"93","20167",Clackamas,"10728","1958",,,,,,,,,,,,,,,,,,,,CL_50older_6ac,/vsizip/C:/Users/jasmi/OneDrive/Documents/Academic/OSU/Projects/OSS Project/Admin/Maps/OSS Shapefiles/CL New Sites shp.zip/CL_50older_6ac.shp|layername=CL_50older_6ac,"10728",,,,,,,,,,
"94","0",Snowpeak,,,"0","0","29121",,10S-01E-33,"55",524040,4945400,53.5431,BLM,"1","0","0","1","0","1","1","0",No,OSS_All_Units2,C:/Users/jasmi/OneDrive/Documents/Academic/OSU/Projects/OSS Project/Admin/Maps/OSS Shapefiles/WY OSS Shapefiles/OSS_All_Units2/OSS_All_Units2.shp,"29121","29121",UU,"0","0","0",,,,"29121",y
"95","0",Snowpeak,,,"0","0","29122",,10S-01E-33,"55",524885,4944480,47.3029,BLM,"0","0","0","1","0","1","1","0",No,OSS_All_Units2,C:/Users/jasmi/OneDrive/Documents/Academic/OSU/Projects/OSS Project/Admin/Maps/OSS Shapefiles/WY OSS Shapefiles/OSS_All_Units2/OSS_All_Units2.shp,"29122","29122",UU,"0","0","0",,,,"29122",y
"96","0",Snowpeak,,,"0","0","29123",,10S-01E-33,"55",523871,4944340,49.6697,BLM,"0","0","0","1","0","1","1","0",No,OSS_All_Units2,C:/Users/jasmi/OneDrive/Documents/Academic/OSU/Projects/OSS Project/Admin/Maps/OSS Shapefiles/WY OSS Shapefiles/OSS_All_Units2/OSS_All_Units2.shp,"29123","29123",UU,"0","0","0",,,,"29123",y
"97","61207",Clackamas,"10476","1950",,,,,,,,,,,,,,,,,,,,CL_50older_6ac,/vsizip/C:/Users/jasmi/OneDrive/Documents/Academic/OSU/Projects/OSS Project/Admin/Maps/OSS Shapefiles/CL New Sites shp.zip/CL_50older_6ac.shp|layername=CL_50older_6ac,"10476",,,,,,,,,,
"98","5422",Clackamas,"10751","1930",,,,,,,,,,,,,,,,,,,,CL_50older_6ac,/vsizip/C:/Users/jasmi/OneDrive/Documents/Academic/OSU/Projects/OSS Project/Admin/Maps/OSS Shapefiles/CL New Sites shp.zip/CL_50older_6ac.shp|layername=CL_50older_6ac,"10751",,,,,,,,,,
"99","4602",Clackamas,,,"2014","2900","10498",,06S-03E-13,"61",548819,4988550,116.114,WY,"0","0","0","1","0","1","1","2015",Yes,OSS_All_Units2,C:/Users/jasmi/OneDrive/Documents/Academic/OSU/Projects/OSS Project/Admin/Maps/OSS Shapefiles/WY OSS Shapefiles/OSS_All_Units2/OSS_All_Units2.shp,"10498","10498",HB,"1","0","1",,,,"10498",y
"100","3043",Snowpeak,,,"0","1000","20571",,11S-01E-22,"63",525592,4938890,117.122,WY,"1","0","0","0","0","1","1","2015",No,OSS_All_Units2,C:/Users/jasmi/OneDrive/Documents/Academic/OSU/Projects/OSS Project/Admin/Maps/OSS Shapefiles/WY OSS Shapefiles/OSS_All_Units2/OSS_All_Units2.shp,"20571",,HU,,,,,,,"20571",n
"101","16343",Clackamas,"11000","1952",,,,,,,,,,,,,,,,,,,,CL_50older_6ac,/vsizip/C:/Users/jasmi/OneDrive/Documents/Academic/OSU/Projects/OSS Project/Admin/Maps/OSS Shapefiles/CL New Sites shp.zip/CL_50older_6ac.shp|layername=CL_50older_6ac,"11000",,,,,,,,,,
"102","16343",Clackamas,"11000","1952",,,,,,,,,,,,,,,,,,,,CL_50older_6ac,/vsizip/C:/Users/jasmi/OneDrive/Documents/Academic/OSU/Projects/OSS Project/Admin/Maps/OSS Shapefiles/CL New Sites shp.zip/CL_50older_6ac.shp|layername=CL_50older_6ac,"11000",,,,,,,,,,
"103","0",Clackamas,,,"0","1000","15562",,06S-02E-29,"74",534103,4983470,319.623,BLM,"0","0","0","1","0","1","1","0",Yes,OSS_All_Units2,C:/Users/jasmi/OneDrive/Documents/Academic/OSU/Projects/OSS Project/Admin/Maps/OSS Shapefiles/WY OSS Shapefiles/OSS_All_Units2/OSS_All_Units2.shp,"15562","15562",BU,"1","0","0",,,,"15562",y
"104","2962",Clackamas,"10487","1958",,,,,,,,,,,,,,,,,,,,CL_50older_6ac,/vsizip/C:/Users/jasmi/OneDrive/Documents/Academic/OSU/Projects/OSS Project/Admin/Maps/OSS Shapefiles/CL New Sites shp.zip/CL_50older_6ac.shp|layername=CL_50older_6ac,"10487",,,,,,,,,,
"105","3115",Clackamas,"10488","1948",,,,,,,,,,,,,,,,,,,,CL_50older_6ac,/vsizip/C:/Users/jasmi/OneDrive/Documents/Academic/OSU/Projects/OSS Project/Admin/Maps/OSS Shapefiles/CL New Sites shp.zip/CL_50older_6ac.shp|layername=CL_50older_6ac,"10488","10488",HB,"1","0","1",,,,"10488",y
"106","0",Clackamas,,,"0","800","12239",,06S-02E-05,"104",532889,4991870,47.7408,BLM,"0","0","0","1","0","1","1","0",No,OSS_All_Units2,C:/Users/jasmi/OneDrive/Documents/Academic/OSU/Projects/OSS Project/Admin/Maps/OSS Shapefiles/WY OSS Shapefiles/OSS_All_Units2/OSS_All_Units2.shp,"12239","12239",UU,"1","0","0",,,,"12239",y
"107","4946",Clackamas,"10746","1917",,,,,,,,,,,,,,,,,,,,CL_50older_6ac,/vsizip/C:/Users/jasmi/OneDrive/Documents/Academic/OSU/Projects/OSS Project/Admin/Maps/OSS Shapefiles/CL New Sites shp.zip/CL_50older_6ac.shp|layername=CL_50older_6ac,"10746",,,,,,,,,,
"108","2850",Snowpeak,,,"2017","2950","21159",,11S-02E-06,"55",530194,4943980,25.9,WY,"1","0","0","1","0","0","1","2017",No,OSS_All_Units2,C:/Users/jasmi/OneDrive/Documents/Academic/OSU/Projects/OSS Project/Admin/Maps/OSS Shapefiles/WY OSS Shapefiles/OSS_All_Units2/OSS_All_Units2.shp,"21159","21159",HU,"0","0","1",,,,"21159",y
"109","11188",Clackamas,"10493","1955",,,,,,,,,,,,,,,,,,,,CL_50older_6ac,/vsizip/C:/Users/jasmi/OneDrive/Documents/Academic/OSU/Projects/OSS Project/Admin/Maps/OSS Shapefiles/CL New Sites shp.zip/CL_50older_6ac.shp|layername=CL_50older_6ac,"10493",,,,,,,,,,
"110","0",Clackamas,,,"2017","0","33689",Frank Overview,04S-04E-32,"56",552138,5002660,72.2961,PBTF,"1","0","0","1","0","1","1","2017",No,OSS_All_Units2,C:/Users/jasmi/OneDrive/Documents/Academic/OSU/Projects/OSS Project/Admin/Maps/OSS Shapefiles/WY OSS Shapefiles/OSS_All_Units2/OSS_All_Units2.shp,"33689","33689",HU,"0","0","1",,,,"33689",y
"111","9081",Clackamas,,,"0","2200","10963",,06S-03E-11,"51",546205,4989860,53.9627,WY,"1","0","0","1","0","1","1","2023",No,OSS_All_Units2,C:/Users/jasmi/OneDrive/Documents/Academic/OSU/Projects/OSS Project/Admin/Maps/OSS Shapefiles/WY OSS Shapefiles/OSS_All_Units2/OSS_All_Units2.shp,"10963","10963",UU,"0","0","0",,,,"10963",y
"112","1202",Clackamas,,,"2019","2750","10965",,06S-03E-24,"61",548965,4987030,44.3611,WY,"1","0","0","1","0","1","1","2019",Yes,OSS_All_Units2,C:/Users/jasmi/OneDrive/Documents/Academic/OSU/Projects/OSS Project/Admin/Maps/OSS Shapefiles/WY OSS Shapefiles/OSS_All_Units2/OSS_All_Units2.shp,"10965","10965",HB,"1","0","1",,,,"10965",y
"113","41367",Clackamas,"10452","1950",,,,,,,,,,,,,,,,,,,,CL_50older_6ac,/vsizip/C:/Users/jasmi/OneDrive/Documents/Academic/OSU/Projects/OSS Project/Admin/Maps/OSS Shapefiles/CL New Sites shp.zip/CL_50older_6ac.shp|layername=CL_50older_6ac,"10452",,,,,,,,,,
"114","0",Clackamas,,,"0","2500","10439",,05S-04E-17,"134",550980,4998670,57.6971,BLM,"0","0","0","1","0","1","1","0",No,OSS_All_Units2,C:/Users/jasmi/OneDrive/Documents/Academic/OSU/Projects/OSS Project/Admin/Maps/OSS Shapefiles/WY OSS Shapefiles/OSS_All_Units2/OSS_All_Units2.shp,"10439","10439",UU,"0","0","0",,,,"10439",y
"115","14881",Clackamas,"10956","1952",,,,,,,,,,,,,,,,,,,,CL_50older_6ac,/vsizip/C:/Users/jasmi/OneDrive/Documents/Academic/OSU/Projects/OSS Project/Admin/Maps/OSS Shapefiles/CL New Sites shp.zip/CL_50older_6ac.shp|layername=CL_50older_6ac,"10956","10956",BS,"1","1","0",,,,"10956",y
"116","110123",Clackamas,"10957","1952",,,,,,,,,,,,,,,,,,,,CL_50older_6ac,/vsizip/C:/Users/jasmi/OneDrive/Documents/Academic/OSU/Projects/OSS Project/Admin/Maps/OSS Shapefiles/CL New Sites shp.zip/CL_50older_6ac.shp|layername=CL_50older_6ac,"10957",,,,,,,,,,
"117","137779",Clackamas,"10444","1953",,,,,,,,,,,,,,,,,,,,CL_50older_6ac,/vsizip/C:/Users/jasmi/OneDrive/Documents/Academic/OSU/Projects/OSS Project/Admin/Maps/OSS Shapefiles/CL New Sites shp.zip/CL_50older_6ac.shp|layername=CL_50older_6ac,"10444","10444",HU,"0","0","1",,,,"10444",y
"118","2467",Clackamas,"10185","1851",,,,,,,,,,,,,,,,,,,,CL_50older_6ac,/vsizip/C:/Users/jasmi/OneDrive/Documents/Academic/OSU/Projects/OSS Project/Admin/Maps/OSS Shapefiles/CL New Sites shp.zip/CL_50older_6ac.shp|layername=CL_50older_6ac,"10185","10185",HB,"1","0","1",,,,"10185",y
"119","185223",Clackamas,"10187","1958",,,,,,,,,,,,,,,,,,,,CL_50older_6ac,/vsizip/C:/Users/jasmi/OneDrive/Documents/Academic/OSU/Projects/OSS Project/Admin/Maps/OSS Shapefiles/CL New Sites shp.zip/CL_50older_6ac.shp|layername=CL_50older_6ac,"10187",,,,,,,,,,
"120","12637",Clackamas,"10463","1948",,,,,,,,,,,,,,,,,,,,CL_50older_6ac,/vsizip/C:/Users/jasmi/OneDrive/Documents/Academic/OSU/Projects/OSS Project/Admin/Maps/OSS Shapefiles/CL New Sites shp.zip/CL_50older_6ac.shp|layername=CL_50older_6ac,"10463",,,,,,,,,,
"121","5486",Snowpeak,,,"2014","950","20666",,12S-01E-08,"61",522993,4932290,20.0679,WY,"1","0","0","1","0","1","1","2014",No,OSS_All_Units2,C:/Users/jasmi/OneDrive/Documents/Academic/OSU/Projects/OSS Project/Admin/Maps/OSS Shapefiles/WY OSS Shapefiles/OSS_All_Units2/OSS_All_Units2.shp,"20666",,HU,,,,,,,"20666",n
"122","59881",Clackamas,"10467","1948",,,,,,,,,,,,,,,,,,,,CL_50older_6ac,/vsizip/C:/Users/jasmi/OneDrive/Documents/Academic/OSU/Projects/OSS Project/Admin/Maps/OSS Shapefiles/CL New Sites shp.zip/CL_50older_6ac.shp|layername=CL_50older_6ac,"10467","10467",HB,"1","0","1",,,,"10467",y
"123","2608",Clackamas,"10469","1949",,,,,,,,,,,,,,,,,,,,CL_50older_6ac,/vsizip/C:/Users/jasmi/OneDrive/Documents/Academic/OSU/Projects/OSS Project/Admin/Maps/OSS Shapefiles/CL New Sites shp.zip/CL_50older_6ac.shp|layername=CL_50older_6ac,"10469",,,,,,,,,,
"124","1304",Clackamas,,,"2017","2600","10968",,06S-03E-26,"57",546142,4985400,47.3451,WY,"1","0","0","1","0","0","0","2016",No,OSS_All_Units2,C:/Users/jasmi/OneDrive/Documents/Academic/OSU/Projects/OSS Project/Admin/Maps/OSS Shapefiles/WY OSS Shapefiles/OSS_All_Units2/OSS_All_Units2.shp,"10968","10968",HU,"0","0","1",,,,"10968",y
"125","3630",Clackamas,"10969","1946",,,,,,,,,,,,,,,,,,,,CL_50older_6ac,/vsizip/C:/Users/jasmi/OneDrive/Documents/Academic/OSU/Projects/OSS Project/Admin/Maps/OSS Shapefiles/CL New Sites shp.zip/CL_50older_6ac.shp|layername=CL_50older_6ac,"10969",,,,,,,,,,
"126","41364",Clackamas,"10456","1950",,,,,,,,,,,,,,,,,,,,CL_50older_6ac,/vsizip/C:/Users/jasmi/OneDrive/Documents/Academic/OSU/Projects/OSS Project/Admin/Maps/OSS Shapefiles/CL New Sites shp.zip/CL_50older_6ac.shp|layername=CL_50older_6ac,"10456",,,,,,,,,,
"127","1478",Clackamas,,,"2014","2800","10711",,"07S-04E-03, 02","54",555615,4982610,122.678,WY,"0","0","0","1","0","1","0","2014",No,OSS_All_Units2,C:/Users/jasmi/OneDrive/Documents/Academic/OSU/Projects/OSS Project/Admin/Maps/OSS Shapefiles/WY OSS Shapefiles/OSS_All_Units2/OSS_All_Units2.shp,"10711",,HU,,,,,,,"10711",n
"128","0",Snowpeak,,,"2018","1450","20626",,10S-02E-16,"54",534524,4949650,118.449,WY,"1","0","0","1","0","1","0","2018",No,OSS_All_Units2,C:/Users/jasmi/OneDrive/Documents/Academic/OSU/Projects/OSS Project/Admin/Maps/OSS Shapefiles/WY OSS Shapefiles/OSS_All_Units2/OSS_All_Units2.shp,"20626",,HU,,,,,,,"20626",n
"129","61197",Clackamas,"10459","1951",,,,,,,,,,,,,,,,,,,,CL_50older_6ac,/vsizip/C:/Users/jasmi/OneDrive/Documents/Academic/OSU/Projects/OSS Project/Admin/Maps/OSS Shapefiles/CL New Sites shp.zip/CL_50older_6ac.shp|layername=CL_50older_6ac,"10459",,,,,,,,,,
"130","61197",Clackamas,"10459","1951",,,,,,,,,,,,,,,,,,,,CL_50older_6ac,/vsizip/C:/Users/jasmi/OneDrive/Documents/Academic/OSU/Projects/OSS Project/Admin/Maps/OSS Shapefiles/CL New Sites shp.zip/CL_50older_6ac.shp|layername=CL_50older_6ac,"10459",,,,,,,,,,
"131","0",Snowpeak,,,"0","0","29429",,11S-01E-3,"64",525790,4942920,41.3823,BLM,"0","0","0","1","0","1","1","0",No,OSS_All_Units2,C:/Users/jasmi/OneDrive/Documents/Academic/OSU/Projects/OSS Project/Admin/Maps/OSS Shapefiles/WY OSS Shapefiles/OSS_All_Units2/OSS_All_Units2.shp,"29429","29429",UU,"0","0","0",,,,"29429",y
"132","18474",Clackamas,"11055","1946",,,,,,,,,,,,,,,,,,,,CL_50older_6ac,/vsizip/C:/Users/jasmi/OneDrive/Documents/Academic/OSU/Projects/OSS Project/Admin/Maps/OSS Shapefiles/CL New Sites shp.zip/CL_50older_6ac.shp|layername=CL_50older_6ac,"11055",,,,,,,,,,
"133","16294",Snowpeak,,,"0","1050","20616",,11S-01E-09,"35",524582,4941810,82.1826,WY,"1","0","0","1","0","1","1","2022",No,OSS_All_Units2,C:/Users/jasmi/OneDrive/Documents/Academic/OSU/Projects/OSS Project/Admin/Maps/OSS Shapefiles/WY OSS Shapefiles/OSS_All_Units2/OSS_All_Units2.shp,"20616","20616",UU,"0","0","0",,,,"20616",y
"134","24964",Snowpeak,,,"2017","1150","20360",,12S-01E-09,"84",525191,4931960,70.1667,WY,"1","0","0","1","0","1","1","2017",No,OSS_All_Units2,C:/Users/jasmi/OneDrive/Documents/Academic/OSU/Projects/OSS Project/Admin/Maps/OSS Shapefiles/WY OSS Shapefiles/OSS_All_Units2/OSS_All_Units2.shp,"20360",,HU,,,,,,,"20360",n
"135","14815",Snowpeak,,,"2016","1000","20361",,12S-01E-09,"69",524787,4931470,80.3749,WY,"0","0","0","1","0","1","1","2015",No,OSS_All_Units2,C:/Users/jasmi/OneDrive/Documents/Academic/OSU/Projects/OSS Project/Admin/Maps/OSS Shapefiles/WY OSS Shapefiles/OSS_All_Units2/OSS_All_Units2.shp,"20361",,HU,,,,,,,"20361",n
"136","2760",Clackamas,"11048","1948",,,,,,,,,,,,,,,,,,,,CL_50older_6ac,/vsizip/C:/Users/jasmi/OneDrive/Documents/Academic/OSU/Projects/OSS Project/Admin/Maps/OSS Shapefiles/CL New Sites shp.zip/CL_50older_6ac.shp|layername=CL_50older_6ac,"11048",,,,,,,,,,
"137","31259",Clackamas,"10037","1956",,,,,,,,,,,,,,,,,,,,CL_50older_6ac,/vsizip/C:/Users/jasmi/OneDrive/Documents/Academic/OSU/Projects/OSS Project/Admin/Maps/OSS Shapefiles/CL New Sites shp.zip/CL_50older_6ac.shp|layername=CL_50older_6ac,"10037",,,,,,,,,,
"138","20138",Clackamas,"11052","1952",,,,,,,,,,,,,,,,,,,,CL_50older_6ac,/vsizip/C:/Users/jasmi/OneDrive/Documents/Academic/OSU/Projects/OSS Project/Admin/Maps/OSS Shapefiles/CL New Sites shp.zip/CL_50older_6ac.shp|layername=CL_50older_6ac,"11052",,,,,,,,,,
"139","2590",Clackamas,"10024","1700",,,,,,,,,,,,,,,,,,,,CL_50older_6ac,/vsizip/C:/Users/jasmi/OneDrive/Documents/Academic/OSU/Projects/OSS Project/Admin/Maps/OSS Shapefiles/CL New Sites shp.zip/CL_50older_6ac.shp|layername=CL_50older_6ac,"10024","10024",BS,"1","1","0",,,,"10024",y
"140","23115",Clackamas,"11054","1957",,,,,,,,,,,,,,,,,,,,CL_50older_6ac,/vsizip/C:/Users/jasmi/OneDrive/Documents/Academic/OSU/Projects/OSS Project/Admin/Maps/OSS Shapefiles/CL New Sites shp.zip/CL_50older_6ac.shp|layername=CL_50older_6ac,"11054",,,,,,,,,,
"141","0",Snowpeak,,,"0","0","29431",,11S-01E-3,"64",525961,4943790,48.8524,BLM,"0","0","0","1","0","1","1","0",No,OSS_All_Units2,C:/Users/jasmi/OneDrive/Documents/Academic/OSU/Projects/OSS Project/Admin/Maps/OSS Shapefiles/WY OSS Shapefiles/OSS_All_Units2/OSS_All_Units2.shp,"29431","29431",UU,"0","0","0",,,,"29431",n
"142","71746",Clackamas,"11074","1947",,,,,,,,,,,,,,,,,,,,CL_50older_6ac,/vsizip/C:/Users/jasmi/OneDrive/Documents/Academic/OSU/Projects/OSS Project/Admin/Maps/OSS Shapefiles/CL New Sites shp.zip/CL_50older_6ac.shp|layername=CL_50older_6ac,"11074",,,,,,,,,,
"143","2331",Clackamas,"10030","1951",,,,,,,,,,,,,,,,,,,,CL_50older_6ac,/vsizip/C:/Users/jasmi/OneDrive/Documents/Academic/OSU/Projects/OSS Project/Admin/Maps/OSS Shapefiles/CL New Sites shp.zip/CL_50older_6ac.shp|layername=CL_50older_6ac,"10030",,,,,,,,,,
"144","71438",Clackamas,"11077","1946",,,,,,,,,,,,,,,,,,,,CL_50older_6ac,/vsizip/C:/Users/jasmi/OneDrive/Documents/Academic/OSU/Projects/OSS Project/Admin/Maps/OSS Shapefiles/CL New Sites shp.zip/CL_50older_6ac.shp|layername=CL_50older_6ac,"11077",,,,,,,,,,
"145","53969",Clackamas,"10304","1950",,,,,,,,,,,,,,,,,,,,CL_50older_6ac,/vsizip/C:/Users/jasmi/OneDrive/Documents/Academic/OSU/Projects/OSS Project/Admin/Maps/OSS Shapefiles/CL New Sites shp.zip/CL_50older_6ac.shp|layername=CL_50older_6ac,"10304",,,,,,,,,,
"146","72390",Clackamas,"11078","1942",,,,,,,,,,,,,,,,,,,,CL_50older_6ac,/vsizip/C:/Users/jasmi/OneDrive/Documents/Academic/OSU/Projects/OSS Project/Admin/Maps/OSS Shapefiles/CL New Sites shp.zip/CL_50older_6ac.shp|layername=CL_50older_6ac,"11078",,,,,,,,,,
"147","0",Clackamas,,,"2015","0","34017",Ho No More,04S-02E-23,"73",537459,5006790,72.9277,PBTF,"1","0","0","0","0","1","1","2015",No,OSS_All_Units2,C:/Users/jasmi/OneDrive/Documents/Academic/OSU/Projects/OSS Project/Admin/Maps/OSS Shapefiles/WY OSS Shapefiles/OSS_All_Units2/OSS_All_Units2.shp,"34017","34017",HU,"0","0","1",,,,"34017",y
"148","3921",Clackamas,"11065","1952",,,,,,,,,,,,,,,,,,,,CL_50older_6ac,/vsizip/C:/Users/jasmi/OneDrive/Documents/Academic/OSU/Projects/OSS Project/Admin/Maps/OSS Shapefiles/CL New Sites shp.zip/CL_50older_6ac.shp|layername=CL_50older_6ac,"11065",,,,,,,,,,
"149","1073",Clackamas,,,"2017","2750","10553",,06S-04E-18,"58",549645,4988680,83.0635,WY,"1","0","0","1","0","0","1","2017",Yes,OSS_All_Units2,C:/Users/jasmi/OneDrive/Documents/Academic/OSU/Projects/OSS Project/Admin/Maps/OSS Shapefiles/WY OSS Shapefiles/OSS_All_Units2/OSS_All_Units2.shp,"10553","10553",HB,"1","0","1",,,,"10553",y
"150","46858",Clackamas,"10039","1958",,,,,,,,,,,,,,,,,,,,CL_50older_6ac,/vsizip/C:/Users/jasmi/OneDrive/Documents/Academic/OSU/Projects/OSS Project/Admin/Maps/OSS Shapefiles/CL New Sites shp.zip/CL_50older_6ac.shp|layername=CL_50older_6ac,"10039",,,,,,,,,,
"151","15554",Clackamas,"10296","1956",,,,,,,,,,,,,,,,,,,,CL_50older_6ac,/vsizip/C:/Users/jasmi/OneDrive/Documents/Academic/OSU/Projects/OSS Project/Admin/Maps/OSS Shapefiles/CL New Sites shp.zip/CL_50older_6ac.shp|layername=CL_50older_6ac,"10296",,,,,,,,,,
"152","15554",Clackamas,"10296","1956",,,,,,,,,,,,,,,,,,,,CL_50older_6ac,/vsizip/C:/Users/jasmi/OneDrive/Documents/Academic/OSU/Projects/OSS Project/Admin/Maps/OSS Shapefiles/CL New Sites shp.zip/CL_50older_6ac.shp|layername=CL_50older_6ac,"10296",,,,,,,,,,
"153","15554",Clackamas,"10296","1956",,,,,,,,,,,,,,,,,,,,CL_50older_6ac,/vsizip/C:/Users/jasmi/OneDrive/Documents/Academic/OSU/Projects/OSS Project/Admin/Maps/OSS Shapefiles/CL New Sites shp.zip/CL_50older_6ac.shp|layername=CL_50older_6ac,"10296",,,,,,,,,,
"154","0",Clackamas,,,"2016","0","34007",In the Clear,"05S-04E-03, 02","65",555408,5002010,113.227,PBTF,"0","0","0","0","0","1","1","2016",Yes,OSS_All_Units2,C:/Users/jasmi/OneDrive/Documents/Academic/OSU/Projects/OSS Project/Admin/Maps/OSS Shapefiles/WY OSS Shapefiles/OSS_All_Units2/OSS_All_Units2.shp,"34007","34007",HB,"1","0","1",,,,"34007",y
"155","2931",Clackamas,"10297","1958",,,,,,,,,,,,,,,,,,,,CL_50older_6ac,/vsizip/C:/Users/jasmi/OneDrive/Documents/Academic/OSU/Projects/OSS Project/Admin/Maps/OSS Shapefiles/CL New Sites shp.zip/CL_50older_6ac.shp|layername=CL_50older_6ac,"10297",,,,,,,,,,
"156","0",Clackamas,,,"2013","0","33754",Young Top,05S-03E-22,"55",545664,4996940,107.005,PBTF,"1","0","0","1","0","1","1","2013",No,OSS_All_Units2,C:/Users/jasmi/OneDrive/Documents/Academic/OSU/Projects/OSS Project/Admin/Maps/OSS Shapefiles/WY OSS Shapefiles/OSS_All_Units2/OSS_All_Units2.shp,"33754","33754",HU,"0","0","1",,,,"33754",y
"157","0",Clackamas,,,"0","2000","10302",,05S-04E-09,"150",553311,4999640,108.435,BLM,"0","0","0","1","0","1","1","0",No,OSS_All_Units2,C:/Users/jasmi/OneDrive/Documents/Academic/OSU/Projects/OSS Project/Admin/Maps/OSS Shapefiles/WY OSS Shapefiles/OSS_All_Units2/OSS_All_Units2.shp,"10302","10302",UU,"0","0","0",,,,"10302",y
"158","0",Clackamas,,,"2015","0","408178",Hemlock Hill,04S-04E-24,"55",558097,5006370,31.9156,PBTF,"1","0","0","1","0","1","1","2014",Yes,OSS_All_Units2,C:/Users/jasmi/OneDrive/Documents/Academic/OSU/Projects/OSS Project/Admin/Maps/OSS Shapefiles/WY OSS Shapefiles/OSS_All_Units2/OSS_All_Units2.shp,"408178",,BS,,,,,,,"408178",y
"159","0",Clackamas,,,"2015","0","408178",Hemlock Hill,04S-04E-24,"55",558097,5006370,31.9156,PBTF,"1","0","0","1","0","1","1","2014",Yes,OSS_All_Units2,C:/Users/jasmi/OneDrive/Documents/Academic/OSU/Projects/OSS Project/Admin/Maps/OSS Shapefiles/WY OSS Shapefiles/OSS_All_Units2/OSS_All_Units2.shp,"408178",,HB,,,,,,,"408178",y
"160","1977",Clackamas,"10005","1918",,,,,,,,,,,,,,,,,,,,CL_50older_6ac,/vsizip/C:/Users/jasmi/OneDrive/Documents/Academic/OSU/Projects/OSS Project/Admin/Maps/OSS Shapefiles/CL New Sites shp.zip/CL_50older_6ac.shp|layername=CL_50older_6ac,"10005",,,,,,,,,,
"161","3923",Clackamas,"10261","1932",,,,,,,,,,,,,,,,,,,,CL_50older_6ac,/vsizip/C:/Users/jasmi/OneDrive/Documents/Academic/OSU/Projects/OSS Project/Admin/Maps/OSS Shapefiles/CL New Sites shp.zip/CL_50older_6ac.shp|layername=CL_50older_6ac,"10261",,,,,,,,,,
"162","0",Clackamas,,,"2016","0","408180",Hemsho,04S-04E-25,"58",558655,5004290,95.0426,PBTF,"1","0","0","1","0","0","1","2017",Yes,OSS_All_Units2,C:/Users/jasmi/OneDrive/Documents/Academic/OSU/Projects/OSS Project/Admin/Maps/OSS Shapefiles/WY OSS Shapefiles/OSS_All_Units2/OSS_All_Units2.shp,"408180","408180",HB,"1","0","1",,,,"408180",y
"163","51377",Clackamas,"10262","1957",,,,,,,,,,,,,,,,,,,,CL_50older_6ac,/vsizip/C:/Users/jasmi/OneDrive/Documents/Academic/OSU/Projects/OSS Project/Admin/Maps/OSS Shapefiles/CL New Sites shp.zip/CL_50older_6ac.shp|layername=CL_50older_6ac,"10262",,,,,,,,,,
"164","56596",Clackamas,"11019","1948",,,,,,,,,,,,,,,,,,,,CL_50older_6ac,/vsizip/C:/Users/jasmi/OneDrive/Documents/Academic/OSU/Projects/OSS Project/Admin/Maps/OSS Shapefiles/CL New Sites shp.zip/CL_50older_6ac.shp|layername=CL_50older_6ac,"11019",,,,,,,,,,
"165","19881",Clackamas,,,"2018","1250","10506",,06S-03E-03,"62",545570,4992370,31.7751,WY,"1","0","0","1","0","1","1","2019",Yes,OSS_All_Units2,C:/Users/jasmi/OneDrive/Documents/Academic/OSU/Projects/OSS Project/Admin/Maps/OSS Shapefiles/WY OSS Shapefiles/OSS_All_Units2/OSS_All_Units2.shp,"10506","10506",BS,"1","1","0",,,,"10506",y
"166","15537",Clackamas,"10247","1958",,,,,,,,,,,,,,,,,,,,CL_50older_6ac,/vsizip/C:/Users/jasmi/OneDrive/Documents/Academic/OSU/Projects/OSS Project/Admin/Maps/OSS Shapefiles/CL New Sites shp.zip/CL_50older_6ac.shp|layername=CL_50older_6ac,"10247",,,,,,,,,,
"167","23106",Clackamas,"10018","1948",,,,,,,,,,,,,,,,,,,,CL_50older_6ac,/vsizip/C:/Users/jasmi/OneDrive/Documents/Academic/OSU/Projects/OSS Project/Admin/Maps/OSS Shapefiles/CL New Sites shp.zip/CL_50older_6ac.shp|layername=CL_50older_6ac,"10018",,,,,,,,,,
"168","0",Snowpeak,,,"0","0","35466",,12S-01E-13,"64",528722,4929930,42.5673,BLM,"1","0","0","1","0","1","1","0",No,OSS_All_Units2,C:/Users/jasmi/OneDrive/Documents/Academic/OSU/Projects/OSS Project/Admin/Maps/OSS Shapefiles/WY OSS Shapefiles/OSS_All_Units2/OSS_All_Units2.shp,"35466",,UU,,,,,,,"35466",n
"169","4209",Clackamas,"10265","1941",,,,,,,,,,,,,,,,,,,,CL_50older_6ac,/vsizip/C:/Users/jasmi/OneDrive/Documents/Academic/OSU/Projects/OSS Project/Admin/Maps/OSS Shapefiles/CL New Sites shp.zip/CL_50older_6ac.shp|layername=CL_50older_6ac,"10265",,,,,,,,,,
"170","4201",Clackamas,"10269","1952",,,,,,,,,,,,,,,,,,,,CL_50older_6ac,/vsizip/C:/Users/jasmi/OneDrive/Documents/Academic/OSU/Projects/OSS Project/Admin/Maps/OSS Shapefiles/CL New Sites shp.zip/CL_50older_6ac.shp|layername=CL_50older_6ac,"10269",,,,,,,,,,
"171","2026",North Cascade,,,,,,,,,,,129.78262068,,,,,,,,,,,,,"12033",,BU,,,,"12033","1895","126","12033",y
"172","2524",North Cascade,,,,,,,,,,,29.54114741,,,,,,,,,,,,,"12567",,BU,,,,"12567","1895","126","12567",n
"173","2517",North Cascade,,,,,,,,,,,99.83675207,,,,,,,,,,,,,"12560",,BU,,,,"12560","1909","112","12560",y
"174","2705",North Cascade,,,,,,,,,,,18.85209967,,,,,,,,,,,,,"12775",,BU,,,,"12775","1919","102","12775",n
"175","2706",North Cascade,,,,,,,,,,,110.03658075,,,,,,,,,,,,,"12776",,BU,,,,"12776","1909","112","12776",n
"176","2030",North Cascade,,,,,,,,,,,6.09565155,,,,,,,,,,,,,"12037",,BU,,,,"12037","1931","90","12037",n
"177","2352",North Cascade,,,,,,,,,,,16.57485726,,,,,,,,,,,,,"12390",,BU,,,,"12390","1931","90","12390",n
"178","2353",North Cascade,,,,,,,,,,,39.99323695,,,,,,,,,,,,,"12391",,BU,,,,"12391","1855","166","12391",n
"179","2354",North Cascade,,,,,,,,,,,80.43134048,,,,,,,,,,,,,"12392",,BU,,,,"12392","1931","90","12392",y
"180","2355",North Cascade,,,,,,,,,,,9.08948008,,,,,,,,,,,,,"12393",,BU,,,,"12393","1880","141","12393",n
"181","2689",North Cascade,,,,,,,,,,,10.31689241,,,,,,,,,,,,,"12756",,BU,,,,"12756","1870","151","12756",n
"182","2382",North Cascade,,,,,,,,,,,51.73073849,,,,,,,,,,,,,"12421",,BU,,,,"12421","1895","126","12421",y
"183","2386",North Cascade,,,,,,,,,,,51.15072838,,,,,,,,,,,,,"12425",,BU,,,,"12425","1890","131","12425",n
"184","2402",North Cascade,,,,,,,,,,,84.62314062,,,,,,,,,,,,,"12441",,BU,,,,"12441","1870","151","12441",y
"185","2401",North Cascade,,,,,,,,,,,105.01814226,,,,,,,,,,,,,"12440",,BU,,,,"12440","1920","101","12440",n
"186","2440",North Cascade,,,,,,,,,,,34.51109612,,,,,,,,,,,,,"12481",,BU,,,,"12481","1930","91","12481",n
"187","2458",North Cascade,,,,,,,,,,,39.72726348,,,,,,,,,,,,,"12499",,BU,,,,"12499","1900","121","12499",n
"188","2460",North Cascade,,,,,,,,,,,44.4109313,,,,,,,,,,,,,"12501",,BU,,,,"12501","1928","93","12501",n
"189","2091",North Cascade,,,,,,,,,,,12.28221495,,,,,,,,,,,,,"12098",,BU,,,,"12098","1933","88","12098",y
"190","2319",North Cascade,,,,,,,,,,,56.04425319,,,,,,,,,,,,,"12349",,BU,,,,"12349","1918","103","12349",y
"191","2321",North Cascade,,,,,,,,,,,36.93025629,,,,,,,,,,,,,"12351",,BU,,,,"12351","1929","92","12351",y
"192","2727",North Cascade,,,,,,,,,,,37.82976817,,,,,,,,,,,,,"12804",,BU,,,,"12804","1933","88","12804",y
"193","2728",North Cascade,,,,,,,,,,,83.38135416,,,,,,,,,,,,,"12805",,BU,,,,"12805","1933","88","12805",y
"194","2729",North Cascade,,,,,,,,,,,17.3146708,,,,,,,,,,,,,"12806",,BU,,,,"12806","1955","66","12806",n
"195","2410",North Cascade,,,,,,,,,,,47.07459298,,,,,,,,,,,,,"12451",,BU,,,,"12451","1899","122","12451",n
