fid,OBJECTID,DISTRICT,LEGAL_DESC,AVGAGE,UTMX,UTMY,Acres,Owner,Srvy_2015,Srvy_2013,Srvy_2014,Srvy_2016,Srvy_2017,Srvy_2018,Srvy_2019,Cut_Yr,Burned,layer,path,Site_ID,treatment,Srvy_13_19,Srvy_23,Srvy_24
1,0,Clackamas,04S-04E-23,97,556967,5006880,71.3561,BLM,0,0,0,1,0,1,1,0,Yes,OSS_All_Units2,C:/Users/jasmi/OneDrive/Documents/Academic/OSU/Projects/OSS Project/Admin/Maps/OSS Shapefiles/WY OSS Shapefiles/OSS_All_Units2/OSS_All_Units2.shp,9757,BU,1,1,1
2,0,Clackamas,05S-04E-06,53,549668,5001240,62.7136,PBTF,1,0,0,0,0,1,1,2015,No,OSS_All_Units2,C:/Users/jasmi/OneDrive/Documents/Academic/OSU/Projects/OSS Project/Admin/Maps/OSS Shapefiles/WY OSS Shapefiles/OSS_All_Units2/OSS_All_Units2.shp,408143,HU,1,1,1
8,0,Clackamas,05S-04E-08,59,552069,4999410,112.356,PBTF,0,0,0,1,0,1,1,2014,No,OSS_All_Units2,C:/Users/jasmi/OneDrive/Documents/Academic/OSU/Projects/OSS Project/Admin/Maps/OSS Shapefiles/WY OSS Shapefiles/OSS_All_Units2/OSS_All_Units2.shp,33810,HU,1,1,1
18,0,Clackamas,05S-04E-04,52,553438,5001510,90.494,PBTF,1,0,0,1,0,0,1,2017,No,OSS_All_Units2,C:/Users/jasmi/OneDrive/Documents/Academic/OSU/Projects/OSS Project/Admin/Maps/OSS Shapefiles/WY OSS Shapefiles/OSS_All_Units2/OSS_All_Units2.shp,408162,HU,1,1,1
22,0,North Cascade,09S-03E-17,51,542731,4958920,39.8638,ODF,0,0,0,0,0,1,1,2015,Yes,OSS_All_Units2,C:/Users/jasmi/OneDrive/Documents/Academic/OSU/Projects/OSS Project/Admin/Maps/OSS Shapefiles/WY OSS Shapefiles/OSS_All_Units2/OSS_All_Units2.shp,12362,HB,1,1,1
23,0,North Cascade,09S-03E-20,61,541620,4958230,74.0266,ODF,1,0,0,0,0,1,1,2015,Yes,OSS_All_Units2,C:/Users/jasmi/OneDrive/Documents/Academic/OSU/Projects/OSS Project/Admin/Maps/OSS Shapefiles/WY OSS Shapefiles/OSS_All_Units2/OSS_All_Units2.shp,12364,HB,1,1,1
26,0,Clackamas,06S-02E-19,84,530550,4986750,191.039,BLM,0,0,0,1,0,1,1,0,No,OSS_All_Units2,C:/Users/jasmi/OneDrive/Documents/Academic/OSU/Projects/OSS Project/Admin/Maps/OSS Shapefiles/WY OSS Shapefiles/OSS_All_Units2/OSS_All_Units2.shp,13924,UU,1,1,1
27,72705,Clackamas,,NA,NA,NA,NA,,NA,NA,NA,NA,NA,NA,NA,NA,,CL_50older_6ac,/vsizip/C:/Users/jasmi/OneDrive/Documents/Academic/OSU/Projects/OSS Project/Admin/Maps/OSS Shapefiles/CL New Sites shp.zip/CL_50older_6ac.shp|layername=CL_50older_6ac,11081,BS,0,0,1
28,72705,Clackamas,,NA,NA,NA,NA,,NA,NA,NA,NA,NA,NA,NA,NA,,CL_50older_6ac,/vsizip/C:/Users/jasmi/OneDrive/Documents/Academic/OSU/Projects/OSS Project/Admin/Maps/OSS Shapefiles/CL New Sites shp.zip/CL_50older_6ac.shp|layername=CL_50older_6ac,11081,BS,0,0,1
31,0,Clackamas,04S-04E-25,68,557761,5004360,72.8418,PBTF,1,0,0,0,0,1,1,2016,Yes,OSS_All_Units2,C:/Users/jasmi/OneDrive/Documents/Academic/OSU/Projects/OSS Project/Admin/Maps/OSS Shapefiles/WY OSS Shapefiles/OSS_All_Units2/OSS_All_Units2.shp,33651,HB,1,1,1
32,72708,Clackamas,,NA,NA,NA,NA,,NA,NA,NA,NA,NA,NA,NA,NA,,CL_50older_6ac,/vsizip/C:/Users/jasmi/OneDrive/Documents/Academic/OSU/Projects/OSS Project/Admin/Maps/OSS Shapefiles/CL New Sites shp.zip/CL_50older_6ac.shp|layername=CL_50older_6ac,11084,BS,0,0,1
37,2912,Snowpeak,11S-01E-11,52,527457,4942190,61.272,WY,1,0,0,1,0,1,1,2020,No,OSS_All_Units2,C:/Users/jasmi/OneDrive/Documents/Academic/OSU/Projects/OSS Project/Admin/Maps/OSS Shapefiles/WY OSS Shapefiles/OSS_All_Units2/OSS_All_Units2.shp,20550,HU,1,0,1
44,10026,Clackamas,05S-04E-32,59,551516,4992630,114.826,WY,0,0,0,1,0,1,1,2015,Yes,OSS_All_Units2,C:/Users/jasmi/OneDrive/Documents/Academic/OSU/Projects/OSS Project/Admin/Maps/OSS Shapefiles/WY OSS Shapefiles/OSS_All_Units2/OSS_All_Units2.shp,10597,HB,1,1,1
53,0,Clackamas,06S-02E-05,84,532072,4991920,39.4433,BLM,0,0,0,1,0,1,1,0,No,OSS_All_Units2,C:/Users/jasmi/OneDrive/Documents/Academic/OSU/Projects/OSS Project/Admin/Maps/OSS Shapefiles/WY OSS Shapefiles/OSS_All_Units2/OSS_All_Units2.shp,12213,UU,1,1,1
54,18469,Clackamas,,NA,NA,NA,NA,,NA,NA,NA,NA,NA,NA,NA,NA,,CL_50older_6ac,/vsizip/C:/Users/jasmi/OneDrive/Documents/Academic/OSU/Projects/OSS Project/Admin/Maps/OSS Shapefiles/CL New Sites shp.zip/CL_50older_6ac.shp|layername=CL_50older_6ac,10078,HB,0,1,1
58,12638,Clackamas,,NA,NA,NA,NA,,NA,NA,NA,NA,NA,NA,NA,NA,,CL_50older_6ac,/vsizip/C:/Users/jasmi/OneDrive/Documents/Academic/OSU/Projects/OSS Project/Admin/Maps/OSS Shapefiles/CL New Sites shp.zip/CL_50older_6ac.shp|layername=CL_50older_6ac,10422,BS,0,1,1
62,0,Clackamas,05S-04E-20,66,551576,4996170,88.3602,WY,1,0,0,1,0,1,1,2020,Yes,OSS_All_Units2,C:/Users/jasmi/OneDrive/Documents/Academic/OSU/Projects/OSS Project/Admin/Maps/OSS Shapefiles/WY OSS Shapefiles/OSS_All_Units2/OSS_All_Units2.shp,10153,BS,1,1,1
74,0,Clackamas,04S-04E-26,57,556360,5005250,52.0473,PBTF,1,0,0,0,0,1,1,2015,Yes,OSS_All_Units2,C:/Users/jasmi/OneDrive/Documents/Academic/OSU/Projects/OSS Project/Admin/Maps/OSS Shapefiles/WY OSS Shapefiles/OSS_All_Units2/OSS_All_Units2.shp,33628,HB,1,1,1
75,12067,Clackamas,"06S-03E-35,36",52,547487,4983790,70.5487,WY,1,0,0,1,0,1,1,2014,No,OSS_All_Units2,C:/Users/jasmi/OneDrive/Documents/Academic/OSU/Projects/OSS Project/Admin/Maps/OSS Shapefiles/WY OSS Shapefiles/OSS_All_Units2/OSS_All_Units2.shp,10399,HU,1,1,1
78,3193,Clackamas,,NA,NA,NA,NA,,NA,NA,NA,NA,NA,NA,NA,NA,,CL_50older_6ac,/vsizip/C:/Users/jasmi/OneDrive/Documents/Academic/OSU/Projects/OSS Project/Admin/Maps/OSS Shapefiles/CL New Sites shp.zip/CL_50older_6ac.shp|layername=CL_50older_6ac,10403,BS,0,1,1
85,0,Snowpeak,12S-02E-04,67,534331,4932990,104.31,WY,1,0,0,1,0,0,1,2018,No,OSS_All_Units2,C:/Users/jasmi/OneDrive/Documents/Academic/OSU/Projects/OSS Project/Admin/Maps/OSS Shapefiles/WY OSS Shapefiles/OSS_All_Units2/OSS_All_Units2.shp,20053,HU,1,1,1
86,0,Snowpeak,12S-02E-08,62,533006,4930880,92.7975,WY,1,0,0,1,0,1,1,2019,No,OSS_All_Units2,C:/Users/jasmi/OneDrive/Documents/Academic/OSU/Projects/OSS Project/Admin/Maps/OSS Shapefiles/WY OSS Shapefiles/OSS_All_Units2/OSS_All_Units2.shp,20039,HU,1,1,1
90,0,Snowpeak,11S-01E-3,64,526554,4942640,39.7789,BLM,0,0,0,1,0,1,1,0,No,OSS_All_Units2,C:/Users/jasmi/OneDrive/Documents/Academic/OSU/Projects/OSS Project/Admin/Maps/OSS Shapefiles/WY OSS Shapefiles/OSS_All_Units2/OSS_All_Units2.shp,29889,UU,1,1,1
92,2707,Clackamas,,NA,NA,NA,NA,,NA,NA,NA,NA,NA,NA,NA,NA,,CL_50older_6ac,/vsizip/C:/Users/jasmi/OneDrive/Documents/Academic/OSU/Projects/OSS Project/Admin/Maps/OSS Shapefiles/CL New Sites shp.zip/CL_50older_6ac.shp|layername=CL_50older_6ac,10471,BS,0,0,1
94,0,Snowpeak,10S-01E-33,55,524040,4945400,53.5431,BLM,1,0,0,1,0,1,1,0,No,OSS_All_Units2,C:/Users/jasmi/OneDrive/Documents/Academic/OSU/Projects/OSS Project/Admin/Maps/OSS Shapefiles/WY OSS Shapefiles/OSS_All_Units2/OSS_All_Units2.shp,29121,UU,1,1,1
95,0,Snowpeak,10S-01E-33,55,524885,4944480,47.3029,BLM,0,0,0,1,0,1,1,0,No,OSS_All_Units2,C:/Users/jasmi/OneDrive/Documents/Academic/OSU/Projects/OSS Project/Admin/Maps/OSS Shapefiles/WY OSS Shapefiles/OSS_All_Units2/OSS_All_Units2.shp,29122,UU,1,1,1
96,0,Snowpeak,10S-01E-33,55,523871,4944340,49.6697,BLM,0,0,0,1,0,1,1,0,No,OSS_All_Units2,C:/Users/jasmi/OneDrive/Documents/Academic/OSU/Projects/OSS Project/Admin/Maps/OSS Shapefiles/WY OSS Shapefiles/OSS_All_Units2/OSS_All_Units2.shp,29123,UU,1,1,1
103,0,Clackamas,06S-02E-29,74,534103,4983470,319.623,BLM,0,0,0,1,0,1,1,0,Yes,OSS_All_Units2,C:/Users/jasmi/OneDrive/Documents/Academic/OSU/Projects/OSS Project/Admin/Maps/OSS Shapefiles/WY OSS Shapefiles/OSS_All_Units2/OSS_All_Units2.shp,15562,BU,1,1,1
106,0,Clackamas,06S-02E-05,104,532889,4991870,47.7408,BLM,0,0,0,1,0,1,1,0,No,OSS_All_Units2,C:/Users/jasmi/OneDrive/Documents/Academic/OSU/Projects/OSS Project/Admin/Maps/OSS Shapefiles/WY OSS Shapefiles/OSS_All_Units2/OSS_All_Units2.shp,12239,UU,1,1,1
110,0,Clackamas,04S-04E-32,56,552138,5002660,72.2961,PBTF,1,0,0,1,0,1,1,2017,No,OSS_All_Units2,C:/Users/jasmi/OneDrive/Documents/Academic/OSU/Projects/OSS Project/Admin/Maps/OSS Shapefiles/WY OSS Shapefiles/OSS_All_Units2/OSS_All_Units2.shp,33689,HU,1,1,1
114,0,Clackamas,05S-04E-17,134,550980,4998670,57.6971,BLM,0,0,0,1,0,1,1,0,No,OSS_All_Units2,C:/Users/jasmi/OneDrive/Documents/Academic/OSU/Projects/OSS Project/Admin/Maps/OSS Shapefiles/WY OSS Shapefiles/OSS_All_Units2/OSS_All_Units2.shp,10439,UU,1,1,1
115,14881,Clackamas,,NA,NA,NA,NA,,NA,NA,NA,NA,NA,NA,NA,NA,,CL_50older_6ac,/vsizip/C:/Users/jasmi/OneDrive/Documents/Academic/OSU/Projects/OSS Project/Admin/Maps/OSS Shapefiles/CL New Sites shp.zip/CL_50older_6ac.shp|layername=CL_50older_6ac,10956,BS,0,1,1
117,137779,Clackamas,,NA,NA,NA,NA,,NA,NA,NA,NA,NA,NA,NA,NA,,CL_50older_6ac,/vsizip/C:/Users/jasmi/OneDrive/Documents/Academic/OSU/Projects/OSS Project/Admin/Maps/OSS Shapefiles/CL New Sites shp.zip/CL_50older_6ac.shp|layername=CL_50older_6ac,10444,HU,0,1,1
118,2467,Clackamas,,NA,NA,NA,NA,,NA,NA,NA,NA,NA,NA,NA,NA,,CL_50older_6ac,/vsizip/C:/Users/jasmi/OneDrive/Documents/Academic/OSU/Projects/OSS Project/Admin/Maps/OSS Shapefiles/CL New Sites shp.zip/CL_50older_6ac.shp|layername=CL_50older_6ac,10185,HB,0,1,1
120,12637,Clackamas,,NA,NA,NA,NA,,NA,NA,NA,NA,NA,NA,NA,NA,,CL_50older_6ac,/vsizip/C:/Users/jasmi/OneDrive/Documents/Academic/OSU/Projects/OSS Project/Admin/Maps/OSS Shapefiles/CL New Sites shp.zip/CL_50older_6ac.shp|layername=CL_50older_6ac,10463,BS,0,0,1
122,59881,Clackamas,,NA,NA,NA,NA,,NA,NA,NA,NA,NA,NA,NA,NA,,CL_50older_6ac,/vsizip/C:/Users/jasmi/OneDrive/Documents/Academic/OSU/Projects/OSS Project/Admin/Maps/OSS Shapefiles/CL New Sites shp.zip/CL_50older_6ac.shp|layername=CL_50older_6ac,10467,HB,0,1,1
124,1304,Clackamas,06S-03E-26,57,546142,4985400,47.3451,WY,1,0,0,1,0,0,0,2016,No,OSS_All_Units2,C:/Users/jasmi/OneDrive/Documents/Academic/OSU/Projects/OSS Project/Admin/Maps/OSS Shapefiles/WY OSS Shapefiles/OSS_All_Units2/OSS_All_Units2.shp,10968,HU,1,1,1
128,0,Snowpeak,10S-02E-16,54,534524,4949650,118.449,WY,1,0,0,1,0,1,0,2018,No,OSS_All_Units2,C:/Users/jasmi/OneDrive/Documents/Academic/OSU/Projects/OSS Project/Admin/Maps/OSS Shapefiles/WY OSS Shapefiles/OSS_All_Units2/OSS_All_Units2.shp,20626,HU,1,0,1
131,0,Snowpeak,11S-01E-3,64,525790,4942920,41.3823,BLM,0,0,0,1,0,1,1,0,No,OSS_All_Units2,C:/Users/jasmi/OneDrive/Documents/Academic/OSU/Projects/OSS Project/Admin/Maps/OSS Shapefiles/WY OSS Shapefiles/OSS_All_Units2/OSS_All_Units2.shp,29429,UU,1,1,1
133,16294,Snowpeak,11S-01E-09,35,524582,4941810,82.1826,WY,1,0,0,1,0,1,1,2022,No,OSS_All_Units2,C:/Users/jasmi/OneDrive/Documents/Academic/OSU/Projects/OSS Project/Admin/Maps/OSS Shapefiles/WY OSS Shapefiles/OSS_All_Units2/OSS_All_Units2.shp,20616,UU,1,1,1
139,2590,Clackamas,,NA,NA,NA,NA,,NA,NA,NA,NA,NA,NA,NA,NA,,CL_50older_6ac,/vsizip/C:/Users/jasmi/OneDrive/Documents/Academic/OSU/Projects/OSS Project/Admin/Maps/OSS Shapefiles/CL New Sites shp.zip/CL_50older_6ac.shp|layername=CL_50older_6ac,10024,BS,0,1,1
141,0,Snowpeak,11S-01E-3,64,525961,4943790,48.8524,BLM,0,0,0,1,0,1,1,0,No,OSS_All_Units2,C:/Users/jasmi/OneDrive/Documents/Academic/OSU/Projects/OSS Project/Admin/Maps/OSS Shapefiles/WY OSS Shapefiles/OSS_All_Units2/OSS_All_Units2.shp,29431,UU,1,0,1
147,0,Clackamas,04S-02E-23,73,537459,5006790,72.9277,PBTF,1,0,0,0,0,1,1,2015,No,OSS_All_Units2,C:/Users/jasmi/OneDrive/Documents/Academic/OSU/Projects/OSS Project/Admin/Maps/OSS Shapefiles/WY OSS Shapefiles/OSS_All_Units2/OSS_All_Units2.shp,34017,HU,1,1,1
154,0,Clackamas,"05S-04E-03, 02",65,555408,5002010,113.227,PBTF,0,0,0,0,0,1,1,2016,Yes,OSS_All_Units2,C:/Users/jasmi/OneDrive/Documents/Academic/OSU/Projects/OSS Project/Admin/Maps/OSS Shapefiles/WY OSS Shapefiles/OSS_All_Units2/OSS_All_Units2.shp,34007,HB,1,1,1
157,0,Clackamas,05S-04E-09,150,553311,4999640,108.435,BLM,0,0,0,1,0,1,1,0,No,OSS_All_Units2,C:/Users/jasmi/OneDrive/Documents/Academic/OSU/Projects/OSS Project/Admin/Maps/OSS Shapefiles/WY OSS Shapefiles/OSS_All_Units2/OSS_All_Units2.shp,10302,UU,1,1,1
158,0,Clackamas,04S-04E-24,55,558097,5006370,31.9156,PBTF,1,0,0,1,0,1,1,2014,Yes,OSS_All_Units2,C:/Users/jasmi/OneDrive/Documents/Academic/OSU/Projects/OSS Project/Admin/Maps/OSS Shapefiles/WY OSS Shapefiles/OSS_All_Units2/OSS_All_Units2.shp,408178,BS,1,1,1
159,0,Clackamas,04S-04E-24,55,558097,5006370,31.9156,PBTF,1,0,0,1,0,1,1,2014,Yes,OSS_All_Units2,C:/Users/jasmi/OneDrive/Documents/Academic/OSU/Projects/OSS Project/Admin/Maps/OSS Shapefiles/WY OSS Shapefiles/OSS_All_Units2/OSS_All_Units2.shp,408178,HB,1,1,1
162,0,Clackamas,04S-04E-25,58,558655,5004290,95.0426,PBTF,1,0,0,1,0,0,1,2017,Yes,OSS_All_Units2,C:/Users/jasmi/OneDrive/Documents/Academic/OSU/Projects/OSS Project/Admin/Maps/OSS Shapefiles/WY OSS Shapefiles/OSS_All_Units2/OSS_All_Units2.shp,408180,HB,1,1,1
165,19881,Clackamas,06S-03E-03,62,545570,4992370,31.7751,WY,1,0,0,1,0,1,1,2019,Yes,OSS_All_Units2,C:/Users/jasmi/OneDrive/Documents/Academic/OSU/Projects/OSS Project/Admin/Maps/OSS Shapefiles/WY OSS Shapefiles/OSS_All_Units2/OSS_All_Units2.shp,10506,BS,1,1,1
171,2026,North Cascade,,NA,NA,NA,129.7826207,,NA,NA,NA,NA,NA,NA,NA,NA,,,,12033,BU,0,1,1
173,2517,North Cascade,,NA,NA,NA,99.83675207,,NA,NA,NA,NA,NA,NA,NA,NA,,,,12560,BU,0,1,1
175,2706,North Cascade,,NA,NA,NA,110.0365808,,NA,NA,NA,NA,NA,NA,NA,NA,,,,12776,BU,0,0,1
182,2382,North Cascade,,NA,NA,NA,51.73073849,,NA,NA,NA,NA,NA,NA,NA,NA,,,,12421,BU,0,1,1
184,2402,North Cascade,,NA,NA,NA,84.62314062,,NA,NA,NA,NA,NA,NA,NA,NA,,,,12441,BU,0,1,1
189,2091,North Cascade,,NA,NA,NA,12.28221495,,NA,NA,NA,NA,NA,NA,NA,NA,,,,12098,BU,0,1,1
190,2319,North Cascade,,NA,NA,NA,56.04425319,,NA,NA,NA,NA,NA,NA,NA,NA,,,,12349,BU,0,1,1
192,2727,North Cascade,,NA,NA,NA,37.82976817,,NA,NA,NA,NA,NA,NA,NA,NA,,,,12804,BU,0,1,1
193,2728,North Cascade,,NA,NA,NA,83.38135416,,NA,NA,NA,NA,NA,NA,NA,NA,,,,12805,BU,0,1,1
194,2729,North Cascade,,NA,NA,NA,17.3146708,,NA,NA,NA,NA,NA,NA,NA,NA,,,,12806,BU,0,0,1
3,2141,Clackamas,,NA,NA,NA,NA,,NA,NA,NA,NA,NA,NA,NA,NA,,CL_50older_6ac,/vsizip/C:/Users/jasmi/OneDrive/Documents/Academic/OSU/Projects/OSS Project/Admin/Maps/OSS Shapefiles/CL New Sites shp.zip/CL_50older_6ac.shp|layername=CL_50older_6ac,10097,,0,0,0
4,2084,Clackamas,,NA,NA,NA,NA,,NA,NA,NA,NA,NA,NA,NA,NA,,CL_50older_6ac,/vsizip/C:/Users/jasmi/OneDrive/Documents/Academic/OSU/Projects/OSS Project/Admin/Maps/OSS Shapefiles/CL New Sites shp.zip/CL_50older_6ac.shp|layername=CL_50older_6ac,10099,,0,0,0
5,3716,Clackamas,,NA,NA,NA,NA,,NA,NA,NA,NA,NA,NA,NA,NA,,CL_50older_6ac,/vsizip/C:/Users/jasmi/OneDrive/Documents/Academic/OSU/Projects/OSS Project/Admin/Maps/OSS Shapefiles/CL New Sites shp.zip/CL_50older_6ac.shp|layername=CL_50older_6ac,10344,,0,0,0
6,0,Clackamas,04S-03E-01,67,548622,5011610,24.3227,PBTF,1,0,0,1,0,1,1,2013,No,OSS_All_Units2,C:/Users/jasmi/OneDrive/Documents/Academic/OSU/Projects/OSS Project/Admin/Maps/OSS Shapefiles/WY OSS Shapefiles/OSS_All_Units2/OSS_All_Units2.shp,33554,HU,1,0,0
7,2044,Clackamas,,NA,NA,NA,NA,,NA,NA,NA,NA,NA,NA,NA,NA,,CL_50older_6ac,/vsizip/C:/Users/jasmi/OneDrive/Documents/Academic/OSU/Projects/OSS Project/Admin/Maps/OSS Shapefiles/CL New Sites shp.zip/CL_50older_6ac.shp|layername=CL_50older_6ac,10102,,0,0,0
9,26022,Clackamas,,NA,NA,NA,NA,,NA,NA,NA,NA,NA,NA,NA,NA,,CL_50older_6ac,/vsizip/C:/Users/jasmi/OneDrive/Documents/Academic/OSU/Projects/OSS Project/Admin/Maps/OSS Shapefiles/CL New Sites shp.zip/CL_50older_6ac.shp|layername=CL_50older_6ac,10860,,0,0,0
10,3792,Clackamas,,NA,NA,NA,NA,,NA,NA,NA,NA,NA,NA,NA,NA,,CL_50older_6ac,/vsizip/C:/Users/jasmi/OneDrive/Documents/Academic/OSU/Projects/OSS Project/Admin/Maps/OSS Shapefiles/CL New Sites shp.zip/CL_50older_6ac.shp|layername=CL_50older_6ac,10347,,0,0,0
11,5622,Clackamas,,NA,NA,NA,NA,,NA,NA,NA,NA,NA,NA,NA,NA,,CL_50older_6ac,/vsizip/C:/Users/jasmi/OneDrive/Documents/Academic/OSU/Projects/OSS Project/Admin/Maps/OSS Shapefiles/CL New Sites shp.zip/CL_50older_6ac.shp|layername=CL_50older_6ac,10862,,0,0,0
12,0,Snowpeak,11S-02E-13,53,538393,4939770,99.6446,WY,1,0,0,1,0,0,1,2017,No,OSS_All_Units2,C:/Users/jasmi/OneDrive/Documents/Academic/OSU/Projects/OSS Project/Admin/Maps/OSS Shapefiles/WY OSS Shapefiles/OSS_All_Units2/OSS_All_Units2.shp,20194,HU,1,0,0
13,13800,Clackamas,,NA,NA,NA,NA,,NA,NA,NA,NA,NA,NA,NA,NA,,CL_50older_6ac,/vsizip/C:/Users/jasmi/OneDrive/Documents/Academic/OSU/Projects/OSS Project/Admin/Maps/OSS Shapefiles/CL New Sites shp.zip/CL_50older_6ac.shp|layername=CL_50older_6ac,10879,,0,0,0
14,11291,Clackamas,,NA,NA,NA,NA,,NA,NA,NA,NA,NA,NA,NA,NA,,CL_50older_6ac,/vsizip/C:/Users/jasmi/OneDrive/Documents/Academic/OSU/Projects/OSS Project/Admin/Maps/OSS Shapefiles/CL New Sites shp.zip/CL_50older_6ac.shp|layername=CL_50older_6ac,10093,,0,0,0
15,16244,Snowpeak,10S-02E-30,53,530940,4947070,117.584,WY,0,0,0,0,0,1,1,2015,No,OSS_All_Units2,C:/Users/jasmi/OneDrive/Documents/Academic/OSU/Projects/OSS Project/Admin/Maps/OSS Shapefiles/WY OSS Shapefiles/OSS_All_Units2/OSS_All_Units2.shp,20698,HU,1,0,0
16,72093,Snowpeak,11S-01E-22,67,526392,4938420,52.6652,WY,1,0,0,1,0,0,1,2018,No,OSS_All_Units2,C:/Users/jasmi/OneDrive/Documents/Academic/OSU/Projects/OSS Project/Admin/Maps/OSS Shapefiles/WY OSS Shapefiles/OSS_All_Units2/OSS_All_Units2.shp,21213,HU,1,0,0
17,0,Clackamas,05S-04E-06,55,550749,5000710,96.9589,PBTF,1,0,0,1,0,1,1,2020,No,OSS_All_Units2,C:/Users/jasmi/OneDrive/Documents/Academic/OSU/Projects/OSS Project/Admin/Maps/OSS Shapefiles/WY OSS Shapefiles/OSS_All_Units2/OSS_All_Units2.shp,408161,UU,1,1,0
19,2488,Clackamas,,NA,NA,NA,NA,,NA,NA,NA,NA,NA,NA,NA,NA,,CL_50older_6ac,/vsizip/C:/Users/jasmi/OneDrive/Documents/Academic/OSU/Projects/OSS Project/Admin/Maps/OSS Shapefiles/CL New Sites shp.zip/CL_50older_6ac.shp|layername=CL_50older_6ac,10106,,0,0,0
20,76939,Clackamas,,NA,NA,NA,NA,,NA,NA,NA,NA,NA,NA,NA,NA,,CL_50older_6ac,/vsizip/C:/Users/jasmi/OneDrive/Documents/Academic/OSU/Projects/OSS Project/Admin/Maps/OSS Shapefiles/CL New Sites shp.zip/CL_50older_6ac.shp|layername=CL_50older_6ac,11087,,0,0,0
21,1909,Clackamas,,NA,NA,NA,NA,,NA,NA,NA,NA,NA,NA,NA,NA,,CL_50older_6ac,/vsizip/C:/Users/jasmi/OneDrive/Documents/Academic/OSU/Projects/OSS Project/Admin/Maps/OSS Shapefiles/CL New Sites shp.zip/CL_50older_6ac.shp|layername=CL_50older_6ac,10107,,0,0,0
24,72385,Clackamas,,NA,NA,NA,NA,,NA,NA,NA,NA,NA,NA,NA,NA,,CL_50older_6ac,/vsizip/C:/Users/jasmi/OneDrive/Documents/Academic/OSU/Projects/OSS Project/Admin/Maps/OSS Shapefiles/CL New Sites shp.zip/CL_50older_6ac.shp|layername=CL_50older_6ac,11079,HB,0,1,0
25,14868,Clackamas,,NA,NA,NA,NA,,NA,NA,NA,NA,NA,NA,NA,NA,,CL_50older_6ac,/vsizip/C:/Users/jasmi/OneDrive/Documents/Academic/OSU/Projects/OSS Project/Admin/Maps/OSS Shapefiles/CL New Sites shp.zip/CL_50older_6ac.shp|layername=CL_50older_6ac,10067,,0,0,0
29,3053,Snowpeak,11S-02E-17,62,530560,4938730,127.283,WY,1,0,0,1,0,1,1,2023,No,OSS_All_Units2,C:/Users/jasmi/OneDrive/Documents/Academic/OSU/Projects/OSS Project/Admin/Maps/OSS Shapefiles/WY OSS Shapefiles/OSS_All_Units2/OSS_All_Units2.shp,20288,HU,1,0,0
30,2934,Snowpeak,11S-01E-12,60,529016,4941360,101.558,WY,1,0,0,0,0,1,1,2016,No,OSS_All_Units2,C:/Users/jasmi/OneDrive/Documents/Academic/OSU/Projects/OSS Project/Admin/Maps/OSS Shapefiles/WY OSS Shapefiles/OSS_All_Units2/OSS_All_Units2.shp,20543,HU,1,0,0
33,3406,Snowpeak,12S-02E-07,72,531517,4931670,54.6521,WY,1,0,0,1,0,1,1,2014,No,OSS_All_Units2,C:/Users/jasmi/OneDrive/Documents/Academic/OSU/Projects/OSS Project/Admin/Maps/OSS Shapefiles/WY OSS Shapefiles/OSS_All_Units2/OSS_All_Units2.shp,20031,HU,1,0,0
34,20946,Snowpeak,11S-02E-18,62,530398,4939440,86.242,WY,1,0,0,1,0,0,0,2019,No,OSS_All_Units2,C:/Users/jasmi/OneDrive/Documents/Academic/OSU/Projects/OSS Project/Admin/Maps/OSS Shapefiles/WY OSS Shapefiles/OSS_All_Units2/OSS_All_Units2.shp,20291,HU,1,0,0
35,2665,Clackamas,,NA,NA,NA,NA,,NA,NA,NA,NA,NA,NA,NA,NA,,CL_50older_6ac,/vsizip/C:/Users/jasmi/OneDrive/Documents/Academic/OSU/Projects/OSS Project/Admin/Maps/OSS Shapefiles/CL New Sites shp.zip/CL_50older_6ac.shp|layername=CL_50older_6ac,10060,,0,0,0
36,36420,Clackamas,,NA,NA,NA,NA,,NA,NA,NA,NA,NA,NA,NA,NA,,CL_50older_6ac,/vsizip/C:/Users/jasmi/OneDrive/Documents/Academic/OSU/Projects/OSS Project/Admin/Maps/OSS Shapefiles/CL New Sites shp.zip/CL_50older_6ac.shp|layername=CL_50older_6ac,10061,,0,0,0
38,6852,Snowpeak,11S-01E-14,60,528034,4939980,66.6557,WY,1,0,0,1,0,1,1,2020,No,OSS_All_Units2,C:/Users/jasmi/OneDrive/Documents/Academic/OSU/Projects/OSS Project/Admin/Maps/OSS Shapefiles/WY OSS Shapefiles/OSS_All_Units2/OSS_All_Units2.shp,20535,HU,1,0,0
39,25648,Snowpeak,11S-02E-19,71,530489,4937370,110.907,WY,1,0,0,1,0,1,1,2014,No,OSS_All_Units2,C:/Users/jasmi/OneDrive/Documents/Academic/OSU/Projects/OSS Project/Admin/Maps/OSS Shapefiles/WY OSS Shapefiles/OSS_All_Units2/OSS_All_Units2.shp,20281,HU,1,0,0
40,10140,Snowpeak,11S-01E-13,62,529256,4939910,106.361,WY,0,0,0,1,0,1,1,2015,No,OSS_All_Units2,C:/Users/jasmi/OneDrive/Documents/Academic/OSU/Projects/OSS Project/Admin/Maps/OSS Shapefiles/WY OSS Shapefiles/OSS_All_Units2/OSS_All_Units2.shp,20536,HU,1,0,0
41,29853,Snowpeak,11S-02E-20,69,531833,4937880,50.1,WY,1,0,0,1,0,1,1,2020,No,OSS_All_Units2,C:/Users/jasmi/OneDrive/Documents/Academic/OSU/Projects/OSS Project/Admin/Maps/OSS Shapefiles/WY OSS Shapefiles/OSS_All_Units2/OSS_All_Units2.shp,20283,HU,1,0,0
42,10379,Snowpeak,"11S-01E-12, 13",60,529422,4940880,64.3222,WY,1,0,0,1,0,1,0,2018,No,OSS_All_Units2,C:/Users/jasmi/OneDrive/Documents/Academic/OSU/Projects/OSS Project/Admin/Maps/OSS Shapefiles/WY OSS Shapefiles/OSS_All_Units2/OSS_All_Units2.shp,20538,HU,1,0,0
43,11732,Clackamas,,NA,NA,NA,NA,,NA,NA,NA,NA,NA,NA,NA,NA,,CL_50older_6ac,/vsizip/C:/Users/jasmi/OneDrive/Documents/Academic/OSU/Projects/OSS Project/Admin/Maps/OSS Shapefiles/CL New Sites shp.zip/CL_50older_6ac.shp|layername=CL_50older_6ac,10082,,0,0,0
45,2602,Clackamas,,NA,NA,NA,NA,,NA,NA,NA,NA,NA,NA,NA,NA,,CL_50older_6ac,/vsizip/C:/Users/jasmi/OneDrive/Documents/Academic/OSU/Projects/OSS Project/Admin/Maps/OSS Shapefiles/CL New Sites shp.zip/CL_50older_6ac.shp|layername=CL_50older_6ac,10083,,0,0,0
46,2927,Snowpeak,11S-02E-07,55,530265,4941610,40.3206,WY,1,0,0,1,0,1,1,2017,No,OSS_All_Units2,C:/Users/jasmi/OneDrive/Documents/Academic/OSU/Projects/OSS Project/Admin/Maps/OSS Shapefiles/WY OSS Shapefiles/OSS_All_Units2/OSS_All_Units2.shp,20540,HU,1,0,0
47,2566,Clackamas,,NA,NA,NA,NA,,NA,NA,NA,NA,NA,NA,NA,NA,,CL_50older_6ac,/vsizip/C:/Users/jasmi/OneDrive/Documents/Academic/OSU/Projects/OSS Project/Admin/Maps/OSS Shapefiles/CL New Sites shp.zip/CL_50older_6ac.shp|layername=CL_50older_6ac,10085,,0,0,0
48,16558,Clackamas,,NA,NA,NA,NA,,NA,NA,NA,NA,NA,NA,NA,NA,,CL_50older_6ac,/vsizip/C:/Users/jasmi/OneDrive/Documents/Academic/OSU/Projects/OSS Project/Admin/Maps/OSS Shapefiles/CL New Sites shp.zip/CL_50older_6ac.shp|layername=CL_50older_6ac,10584,,0,0,0
49,2464,Clackamas,,NA,NA,NA,NA,,NA,NA,NA,NA,NA,NA,NA,NA,,CL_50older_6ac,/vsizip/C:/Users/jasmi/OneDrive/Documents/Academic/OSU/Projects/OSS Project/Admin/Maps/OSS Shapefiles/CL New Sites shp.zip/CL_50older_6ac.shp|layername=CL_50older_6ac,10086,,0,0,0
50,0,Snowpeak,11S-01E-34,85,526233,4935370,71.0804,WY,0,0,0,1,0,1,1,2015,No,OSS_All_Units2,C:/Users/jasmi/OneDrive/Documents/Academic/OSU/Projects/OSS Project/Admin/Maps/OSS Shapefiles/WY OSS Shapefiles/OSS_All_Units2/OSS_All_Units2.shp,20497,HU,1,0,0
51,110116,Clackamas,,NA,NA,NA,NA,,NA,NA,NA,NA,NA,NA,NA,NA,,CL_50older_6ac,/vsizip/C:/Users/jasmi/OneDrive/Documents/Academic/OSU/Projects/OSS Project/Admin/Maps/OSS Shapefiles/CL New Sites shp.zip/CL_50older_6ac.shp|layername=CL_50older_6ac,10075,,0,0,0
52,16419,Clackamas,,NA,NA,NA,NA,,NA,NA,NA,NA,NA,NA,NA,NA,,CL_50older_6ac,/vsizip/C:/Users/jasmi/OneDrive/Documents/Academic/OSU/Projects/OSS Project/Admin/Maps/OSS Shapefiles/CL New Sites shp.zip/CL_50older_6ac.shp|layername=CL_50older_6ac,10077,,0,0,0
55,3028,Snowpeak,11S-02E-16,71,534590,4939050,56.1343,WY,0,0,0,1,0,1,1,2015,No,OSS_All_Units2,C:/Users/jasmi/OneDrive/Documents/Academic/OSU/Projects/OSS Project/Admin/Maps/OSS Shapefiles/WY OSS Shapefiles/OSS_All_Units2/OSS_All_Units2.shp,20232,HU,1,0,0
56,2226,Clackamas,,NA,NA,NA,NA,,NA,NA,NA,NA,NA,NA,NA,NA,,CL_50older_6ac,/vsizip/C:/Users/jasmi/OneDrive/Documents/Academic/OSU/Projects/OSS Project/Admin/Maps/OSS Shapefiles/CL New Sites shp.zip/CL_50older_6ac.shp|layername=CL_50older_6ac,10160,,0,0,0
57,3023,Snowpeak,11S-02E-16,58,533524,4939000,44.179,WY,1,0,0,1,0,1,1,2020,No,OSS_All_Units2,C:/Users/jasmi/OneDrive/Documents/Academic/OSU/Projects/OSS Project/Admin/Maps/OSS Shapefiles/WY OSS Shapefiles/OSS_All_Units2/OSS_All_Units2.shp,20236,HU,1,0,0
59,11699,Snowpeak,11S-02E-16,62,533880,4939640,94.7823,WY,1,0,0,1,0,1,0,2017,No,OSS_All_Units2,C:/Users/jasmi/OneDrive/Documents/Academic/OSU/Projects/OSS Project/Admin/Maps/OSS Shapefiles/WY OSS Shapefiles/OSS_All_Units2/OSS_All_Units2.shp,20237,HU,1,0,0
60,172359,Clackamas,,NA,NA,NA,NA,,NA,NA,NA,NA,NA,NA,NA,NA,,CL_50older_6ac,/vsizip/C:/Users/jasmi/OneDrive/Documents/Academic/OSU/Projects/OSS Project/Admin/Maps/OSS Shapefiles/CL New Sites shp.zip/CL_50older_6ac.shp|layername=CL_50older_6ac,10663,,0,0,0
61,6236,Snowpeak,11S-02E-06,54,531282,4943940,80.3483,WY,1,0,0,1,0,1,1,2017,No,OSS_All_Units2,C:/Users/jasmi/OneDrive/Documents/Academic/OSU/Projects/OSS Project/Admin/Maps/OSS Shapefiles/WY OSS Shapefiles/OSS_All_Units2/OSS_All_Units2.shp,21026,HU,1,1,0
63,2876,Snowpeak,11S-02E-06,59,530915,4942980,43.8643,WY,1,0,0,1,0,1,1,2022,No,OSS_All_Units2,C:/Users/jasmi/OneDrive/Documents/Academic/OSU/Projects/OSS Project/Admin/Maps/OSS Shapefiles/WY OSS Shapefiles/OSS_All_Units2/OSS_All_Units2.shp,21029,UU,1,0,0
64,33222,Clackamas,,NA,NA,NA,NA,,NA,NA,NA,NA,NA,NA,NA,NA,,CL_50older_6ac,/vsizip/C:/Users/jasmi/OneDrive/Documents/Academic/OSU/Projects/OSS Project/Admin/Maps/OSS Shapefiles/CL New Sites shp.zip/CL_50older_6ac.shp|layername=CL_50older_6ac,10432,,0,0,0
65,3350,Clackamas,,NA,NA,NA,NA,,NA,NA,NA,NA,NA,NA,NA,NA,,CL_50older_6ac,/vsizip/C:/Users/jasmi/OneDrive/Documents/Academic/OSU/Projects/OSS Project/Admin/Maps/OSS Shapefiles/CL New Sites shp.zip/CL_50older_6ac.shp|layername=CL_50older_6ac,10435,,0,0,0
66,6221,Snowpeak,10S-01E-36,50,528711,4944470,98.8547,WY,1,0,0,1,0,1,1,2014,No,OSS_All_Units2,C:/Users/jasmi/OneDrive/Documents/Academic/OSU/Projects/OSS Project/Admin/Maps/OSS Shapefiles/WY OSS Shapefiles/OSS_All_Units2/OSS_All_Units2.shp,21019,HU,1,0,0
67,3233,Clackamas,,NA,NA,NA,NA,,NA,NA,NA,NA,NA,NA,NA,NA,,CL_50older_6ac,/vsizip/C:/Users/jasmi/OneDrive/Documents/Academic/OSU/Projects/OSS Project/Admin/Maps/OSS Shapefiles/CL New Sites shp.zip/CL_50older_6ac.shp|layername=CL_50older_6ac,10436,,0,0,0
68,3555,Clackamas,,NA,NA,NA,NA,,NA,NA,NA,NA,NA,NA,NA,NA,,CL_50older_6ac,/vsizip/C:/Users/jasmi/OneDrive/Documents/Academic/OSU/Projects/OSS Project/Admin/Maps/OSS Shapefiles/CL New Sites shp.zip/CL_50older_6ac.shp|layername=CL_50older_6ac,10424,,0,0,0
69,3304,Clackamas,,NA,NA,NA,NA,,NA,NA,NA,NA,NA,NA,NA,NA,,CL_50older_6ac,/vsizip/C:/Users/jasmi/OneDrive/Documents/Academic/OSU/Projects/OSS Project/Admin/Maps/OSS Shapefiles/CL New Sites shp.zip/CL_50older_6ac.shp|layername=CL_50older_6ac,10427,,0,0,0
70,3304,Clackamas,,NA,NA,NA,NA,,NA,NA,NA,NA,NA,NA,NA,NA,,CL_50older_6ac,/vsizip/C:/Users/jasmi/OneDrive/Documents/Academic/OSU/Projects/OSS Project/Admin/Maps/OSS Shapefiles/CL New Sites shp.zip/CL_50older_6ac.shp|layername=CL_50older_6ac,10427,,0,0,0
71,3410,Clackamas,,NA,NA,NA,NA,,NA,NA,NA,NA,NA,NA,NA,NA,,CL_50older_6ac,/vsizip/C:/Users/jasmi/OneDrive/Documents/Academic/OSU/Projects/OSS Project/Admin/Maps/OSS Shapefiles/CL New Sites shp.zip/CL_50older_6ac.shp|layername=CL_50older_6ac,10429,,0,0,0
72,0,Clackamas,07S-03E-05,100,541176,4982530,27.7418,BLM,0,0,0,1,0,1,1,0,Yes,OSS_All_Units2,C:/Users/jasmi/OneDrive/Documents/Academic/OSU/Projects/OSS Project/Admin/Maps/OSS Shapefiles/WY OSS Shapefiles/OSS_All_Units2/OSS_All_Units2.shp,16804,BU,1,1,0
73,15510,Clackamas,,NA,NA,NA,NA,,NA,NA,NA,NA,NA,NA,NA,NA,,CL_50older_6ac,/vsizip/C:/Users/jasmi/OneDrive/Documents/Academic/OSU/Projects/OSS Project/Admin/Maps/OSS Shapefiles/CL New Sites shp.zip/CL_50older_6ac.shp|layername=CL_50older_6ac,10430,,0,0,0
76,10364,Snowpeak,11S-01E-10,58,526685,4941520,29.4589,WY,1,0,0,1,0,1,1,2017,No,OSS_All_Units2,C:/Users/jasmi/OneDrive/Documents/Academic/OSU/Projects/OSS Project/Admin/Maps/OSS Shapefiles/WY OSS Shapefiles/OSS_All_Units2/OSS_All_Units2.shp,20600,HU,1,0,0
77,9154,Snowpeak,11S-02E-34,67,535742,4934410,105.469,WY,1,0,0,1,0,1,1,2013,No,OSS_All_Units2,C:/Users/jasmi/OneDrive/Documents/Academic/OSU/Projects/OSS Project/Admin/Maps/OSS Shapefiles/WY OSS Shapefiles/OSS_All_Units2/OSS_All_Units2.shp,20088,HU,1,0,0
79,9175,Snowpeak,11S-02E-35,64,536536,4934870,29.1389,WY,1,0,0,1,0,1,1,2013,No,OSS_All_Units2,C:/Users/jasmi/OneDrive/Documents/Academic/OSU/Projects/OSS Project/Admin/Maps/OSS Shapefiles/WY OSS Shapefiles/OSS_All_Units2/OSS_All_Units2.shp,20090,HU,1,0,0
80,0,Snowpeak,09S-02E-13,74,538282,4960060,41.879,BLM,0,0,0,1,0,1,1,0,Yes,OSS_All_Units2,C:/Users/jasmi/OneDrive/Documents/Academic/OSU/Projects/OSS Project/Admin/Maps/OSS Shapefiles/WY OSS Shapefiles/OSS_All_Units2/OSS_All_Units2.shp,25954,BU,1,1,0
81,10138,Snowpeak,11S-01E-11,59,527795,4941200,46.4291,WY,1,0,0,1,0,1,1,2016,No,OSS_All_Units2,C:/Users/jasmi/OneDrive/Documents/Academic/OSU/Projects/OSS Project/Admin/Maps/OSS Shapefiles/WY OSS Shapefiles/OSS_All_Units2/OSS_All_Units2.shp,20560,HU,1,0,0
82,26602,Snowpeak,"10S-01E-27, 26",90,526787,4946990,94.1728,WY,1,0,0,0,0,1,1,2016,No,OSS_All_Units2,C:/Users/jasmi/OneDrive/Documents/Academic/OSU/Projects/OSS Project/Admin/Maps/OSS Shapefiles/WY OSS Shapefiles/OSS_All_Units2/OSS_All_Units2.shp,20818,HU,1,0,0
83,10370,Snowpeak,11S-01E-14,58,527679,4940430,117.385,WY,0,0,0,1,0,1,1,2015,No,OSS_All_Units2,C:/Users/jasmi/OneDrive/Documents/Academic/OSU/Projects/OSS Project/Admin/Maps/OSS Shapefiles/WY OSS Shapefiles/OSS_All_Units2/OSS_All_Units2.shp,20565,HU,1,0,0
84,2285,Clackamas,,NA,NA,NA,NA,,NA,NA,NA,NA,NA,NA,NA,NA,,CL_50older_6ac,/vsizip/C:/Users/jasmi/OneDrive/Documents/Academic/OSU/Projects/OSS Project/Admin/Maps/OSS Shapefiles/CL New Sites shp.zip/CL_50older_6ac.shp|layername=CL_50older_6ac,10992,,0,0,0
87,4612,Clackamas,,NA,NA,NA,NA,,NA,NA,NA,NA,NA,NA,NA,NA,,CL_50older_6ac,/vsizip/C:/Users/jasmi/OneDrive/Documents/Academic/OSU/Projects/OSS Project/Admin/Maps/OSS Shapefiles/CL New Sites shp.zip/CL_50older_6ac.shp|layername=CL_50older_6ac,10736,,0,0,0
88,1021,Clackamas,06S-03E-12,57,548530,4990070,134.955,WY,1,0,0,1,0,1,1,2016,Yes,OSS_All_Units2,C:/Users/jasmi/OneDrive/Documents/Academic/OSU/Projects/OSS Project/Admin/Maps/OSS Shapefiles/WY OSS Shapefiles/OSS_All_Units2/OSS_All_Units2.shp,10482,HB,1,0,0
89,4584,Clackamas,,NA,NA,NA,NA,,NA,NA,NA,NA,NA,NA,NA,NA,,CL_50older_6ac,/vsizip/C:/Users/jasmi/OneDrive/Documents/Academic/OSU/Projects/OSS Project/Admin/Maps/OSS Shapefiles/CL New Sites shp.zip/CL_50older_6ac.shp|layername=CL_50older_6ac,10738,,0,0,0
91,61191,Clackamas,,NA,NA,NA,NA,,NA,NA,NA,NA,NA,NA,NA,NA,,CL_50older_6ac,/vsizip/C:/Users/jasmi/OneDrive/Documents/Academic/OSU/Projects/OSS Project/Admin/Maps/OSS Shapefiles/CL New Sites shp.zip/CL_50older_6ac.shp|layername=CL_50older_6ac,10486,,0,0,0
93,20167,Clackamas,,NA,NA,NA,NA,,NA,NA,NA,NA,NA,NA,NA,NA,,CL_50older_6ac,/vsizip/C:/Users/jasmi/OneDrive/Documents/Academic/OSU/Projects/OSS Project/Admin/Maps/OSS Shapefiles/CL New Sites shp.zip/CL_50older_6ac.shp|layername=CL_50older_6ac,10728,,0,0,0
97,61207,Clackamas,,NA,NA,NA,NA,,NA,NA,NA,NA,NA,NA,NA,NA,,CL_50older_6ac,/vsizip/C:/Users/jasmi/OneDrive/Documents/Academic/OSU/Projects/OSS Project/Admin/Maps/OSS Shapefiles/CL New Sites shp.zip/CL_50older_6ac.shp|layername=CL_50older_6ac,10476,,0,0,0
98,5422,Clackamas,,NA,NA,NA,NA,,NA,NA,NA,NA,NA,NA,NA,NA,,CL_50older_6ac,/vsizip/C:/Users/jasmi/OneDrive/Documents/Academic/OSU/Projects/OSS Project/Admin/Maps/OSS Shapefiles/CL New Sites shp.zip/CL_50older_6ac.shp|layername=CL_50older_6ac,10751,,0,0,0
99,4602,Clackamas,06S-03E-13,61,548819,4988550,116.114,WY,0,0,0,1,0,1,1,2015,Yes,OSS_All_Units2,C:/Users/jasmi/OneDrive/Documents/Academic/OSU/Projects/OSS Project/Admin/Maps/OSS Shapefiles/WY OSS Shapefiles/OSS_All_Units2/OSS_All_Units2.shp,10498,HB,1,1,0
100,3043,Snowpeak,11S-01E-22,63,525592,4938890,117.122,WY,1,0,0,0,0,1,1,2015,No,OSS_All_Units2,C:/Users/jasmi/OneDrive/Documents/Academic/OSU/Projects/OSS Project/Admin/Maps/OSS Shapefiles/WY OSS Shapefiles/OSS_All_Units2/OSS_All_Units2.shp,20571,HU,1,0,0
101,16343,Clackamas,,NA,NA,NA,NA,,NA,NA,NA,NA,NA,NA,NA,NA,,CL_50older_6ac,/vsizip/C:/Users/jasmi/OneDrive/Documents/Academic/OSU/Projects/OSS Project/Admin/Maps/OSS Shapefiles/CL New Sites shp.zip/CL_50older_6ac.shp|layername=CL_50older_6ac,11000,,0,0,0
102,16343,Clackamas,,NA,NA,NA,NA,,NA,NA,NA,NA,NA,NA,NA,NA,,CL_50older_6ac,/vsizip/C:/Users/jasmi/OneDrive/Documents/Academic/OSU/Projects/OSS Project/Admin/Maps/OSS Shapefiles/CL New Sites shp.zip/CL_50older_6ac.shp|layername=CL_50older_6ac,11000,,0,0,0
104,2962,Clackamas,,NA,NA,NA,NA,,NA,NA,NA,NA,NA,NA,NA,NA,,CL_50older_6ac,/vsizip/C:/Users/jasmi/OneDrive/Documents/Academic/OSU/Projects/OSS Project/Admin/Maps/OSS Shapefiles/CL New Sites shp.zip/CL_50older_6ac.shp|layername=CL_50older_6ac,10487,,0,0,0
105,3115,Clackamas,,NA,NA,NA,NA,,NA,NA,NA,NA,NA,NA,NA,NA,,CL_50older_6ac,/vsizip/C:/Users/jasmi/OneDrive/Documents/Academic/OSU/Projects/OSS Project/Admin/Maps/OSS Shapefiles/CL New Sites shp.zip/CL_50older_6ac.shp|layername=CL_50older_6ac,10488,HB,0,1,0
107,4946,Clackamas,,NA,NA,NA,NA,,NA,NA,NA,NA,NA,NA,NA,NA,,CL_50older_6ac,/vsizip/C:/Users/jasmi/OneDrive/Documents/Academic/OSU/Projects/OSS Project/Admin/Maps/OSS Shapefiles/CL New Sites shp.zip/CL_50older_6ac.shp|layername=CL_50older_6ac,10746,,0,0,0
108,2850,Snowpeak,11S-02E-06,55,530194,4943980,25.9,WY,1,0,0,1,0,0,1,2017,No,OSS_All_Units2,C:/Users/jasmi/OneDrive/Documents/Academic/OSU/Projects/OSS Project/Admin/Maps/OSS Shapefiles/WY OSS Shapefiles/OSS_All_Units2/OSS_All_Units2.shp,21159,HU,1,1,0
109,11188,Clackamas,,NA,NA,NA,NA,,NA,NA,NA,NA,NA,NA,NA,NA,,CL_50older_6ac,/vsizip/C:/Users/jasmi/OneDrive/Documents/Academic/OSU/Projects/OSS Project/Admin/Maps/OSS Shapefiles/CL New Sites shp.zip/CL_50older_6ac.shp|layername=CL_50older_6ac,10493,,0,0,0
111,9081,Clackamas,06S-03E-11,51,546205,4989860,53.9627,WY,1,0,0,1,0,1,1,2023,No,OSS_All_Units2,C:/Users/jasmi/OneDrive/Documents/Academic/OSU/Projects/OSS Project/Admin/Maps/OSS Shapefiles/WY OSS Shapefiles/OSS_All_Units2/OSS_All_Units2.shp,10963,UU,1,1,0
112,1202,Clackamas,06S-03E-24,61,548965,4987030,44.3611,WY,1,0,0,1,0,1,1,2019,Yes,OSS_All_Units2,C:/Users/jasmi/OneDrive/Documents/Academic/OSU/Projects/OSS Project/Admin/Maps/OSS Shapefiles/WY OSS Shapefiles/OSS_All_Units2/OSS_All_Units2.shp,10965,HB,1,1,0
113,41367,Clackamas,,NA,NA,NA,NA,,NA,NA,NA,NA,NA,NA,NA,NA,,CL_50older_6ac,/vsizip/C:/Users/jasmi/OneDrive/Documents/Academic/OSU/Projects/OSS Project/Admin/Maps/OSS Shapefiles/CL New Sites shp.zip/CL_50older_6ac.shp|layername=CL_50older_6ac,10452,,0,0,0
116,110123,Clackamas,,NA,NA,NA,NA,,NA,NA,NA,NA,NA,NA,NA,NA,,CL_50older_6ac,/vsizip/C:/Users/jasmi/OneDrive/Documents/Academic/OSU/Projects/OSS Project/Admin/Maps/OSS Shapefiles/CL New Sites shp.zip/CL_50older_6ac.shp|layername=CL_50older_6ac,10957,,0,0,0
119,185223,Clackamas,,NA,NA,NA,NA,,NA,NA,NA,NA,NA,NA,NA,NA,,CL_50older_6ac,/vsizip/C:/Users/jasmi/OneDrive/Documents/Academic/OSU/Projects/OSS Project/Admin/Maps/OSS Shapefiles/CL New Sites shp.zip/CL_50older_6ac.shp|layername=CL_50older_6ac,10187,,0,0,0
121,5486,Snowpeak,12S-01E-08,61,522993,4932290,20.0679,WY,1,0,0,1,0,1,1,2014,No,OSS_All_Units2,C:/Users/jasmi/OneDrive/Documents/Academic/OSU/Projects/OSS Project/Admin/Maps/OSS Shapefiles/WY OSS Shapefiles/OSS_All_Units2/OSS_All_Units2.shp,20666,HU,1,0,0
123,2608,Clackamas,,NA,NA,NA,NA,,NA,NA,NA,NA,NA,NA,NA,NA,,CL_50older_6ac,/vsizip/C:/Users/jasmi/OneDrive/Documents/Academic/OSU/Projects/OSS Project/Admin/Maps/OSS Shapefiles/CL New Sites shp.zip/CL_50older_6ac.shp|layername=CL_50older_6ac,10469,,0,0,0
125,3630,Clackamas,,NA,NA,NA,NA,,NA,NA,NA,NA,NA,NA,NA,NA,,CL_50older_6ac,/vsizip/C:/Users/jasmi/OneDrive/Documents/Academic/OSU/Projects/OSS Project/Admin/Maps/OSS Shapefiles/CL New Sites shp.zip/CL_50older_6ac.shp|layername=CL_50older_6ac,10969,,0,0,0
126,41364,Clackamas,,NA,NA,NA,NA,,NA,NA,NA,NA,NA,NA,NA,NA,,CL_50older_6ac,/vsizip/C:/Users/jasmi/OneDrive/Documents/Academic/OSU/Projects/OSS Project/Admin/Maps/OSS Shapefiles/CL New Sites shp.zip/CL_50older_6ac.shp|layername=CL_50older_6ac,10456,,0,0,0
127,1478,Clackamas,"07S-04E-03, 02",54,555615,4982610,122.678,WY,0,0,0,1,0,1,0,2014,No,OSS_All_Units2,C:/Users/jasmi/OneDrive/Documents/Academic/OSU/Projects/OSS Project/Admin/Maps/OSS Shapefiles/WY OSS Shapefiles/OSS_All_Units2/OSS_All_Units2.shp,10711,HU,1,0,0
129,61197,Clackamas,,NA,NA,NA,NA,,NA,NA,NA,NA,NA,NA,NA,NA,,CL_50older_6ac,/vsizip/C:/Users/jasmi/OneDrive/Documents/Academic/OSU/Projects/OSS Project/Admin/Maps/OSS Shapefiles/CL New Sites shp.zip/CL_50older_6ac.shp|layername=CL_50older_6ac,10459,,0,0,0
130,61197,Clackamas,,NA,NA,NA,NA,,NA,NA,NA,NA,NA,NA,NA,NA,,CL_50older_6ac,/vsizip/C:/Users/jasmi/OneDrive/Documents/Academic/OSU/Projects/OSS Project/Admin/Maps/OSS Shapefiles/CL New Sites shp.zip/CL_50older_6ac.shp|layername=CL_50older_6ac,10459,,0,0,0
132,18474,Clackamas,,NA,NA,NA,NA,,NA,NA,NA,NA,NA,NA,NA,NA,,CL_50older_6ac,/vsizip/C:/Users/jasmi/OneDrive/Documents/Academic/OSU/Projects/OSS Project/Admin/Maps/OSS Shapefiles/CL New Sites shp.zip/CL_50older_6ac.shp|layername=CL_50older_6ac,11055,,0,0,0
134,24964,Snowpeak,12S-01E-09,84,525191,4931960,70.1667,WY,1,0,0,1,0,1,1,2017,No,OSS_All_Units2,C:/Users/jasmi/OneDrive/Documents/Academic/OSU/Projects/OSS Project/Admin/Maps/OSS Shapefiles/WY OSS Shapefiles/OSS_All_Units2/OSS_All_Units2.shp,20360,HU,1,0,0
135,14815,Snowpeak,12S-01E-09,69,524787,4931470,80.3749,WY,0,0,0,1,0,1,1,2015,No,OSS_All_Units2,C:/Users/jasmi/OneDrive/Documents/Academic/OSU/Projects/OSS Project/Admin/Maps/OSS Shapefiles/WY OSS Shapefiles/OSS_All_Units2/OSS_All_Units2.shp,20361,HU,1,0,0
136,2760,Clackamas,,NA,NA,NA,NA,,NA,NA,NA,NA,NA,NA,NA,NA,,CL_50older_6ac,/vsizip/C:/Users/jasmi/OneDrive/Documents/Academic/OSU/Projects/OSS Project/Admin/Maps/OSS Shapefiles/CL New Sites shp.zip/CL_50older_6ac.shp|layername=CL_50older_6ac,11048,,0,0,0
137,31259,Clackamas,,NA,NA,NA,NA,,NA,NA,NA,NA,NA,NA,NA,NA,,CL_50older_6ac,/vsizip/C:/Users/jasmi/OneDrive/Documents/Academic/OSU/Projects/OSS Project/Admin/Maps/OSS Shapefiles/CL New Sites shp.zip/CL_50older_6ac.shp|layername=CL_50older_6ac,10037,,0,0,0
138,20138,Clackamas,,NA,NA,NA,NA,,NA,NA,NA,NA,NA,NA,NA,NA,,CL_50older_6ac,/vsizip/C:/Users/jasmi/OneDrive/Documents/Academic/OSU/Projects/OSS Project/Admin/Maps/OSS Shapefiles/CL New Sites shp.zip/CL_50older_6ac.shp|layername=CL_50older_6ac,11052,,0,0,0
140,23115,Clackamas,,NA,NA,NA,NA,,NA,NA,NA,NA,NA,NA,NA,NA,,CL_50older_6ac,/vsizip/C:/Users/jasmi/OneDrive/Documents/Academic/OSU/Projects/OSS Project/Admin/Maps/OSS Shapefiles/CL New Sites shp.zip/CL_50older_6ac.shp|layername=CL_50older_6ac,11054,,0,0,0
142,71746,Clackamas,,NA,NA,NA,NA,,NA,NA,NA,NA,NA,NA,NA,NA,,CL_50older_6ac,/vsizip/C:/Users/jasmi/OneDrive/Documents/Academic/OSU/Projects/OSS Project/Admin/Maps/OSS Shapefiles/CL New Sites shp.zip/CL_50older_6ac.shp|layername=CL_50older_6ac,11074,,0,0,0
143,2331,Clackamas,,NA,NA,NA,NA,,NA,NA,NA,NA,NA,NA,NA,NA,,CL_50older_6ac,/vsizip/C:/Users/jasmi/OneDrive/Documents/Academic/OSU/Projects/OSS Project/Admin/Maps/OSS Shapefiles/CL New Sites shp.zip/CL_50older_6ac.shp|layername=CL_50older_6ac,10030,,0,0,0
144,71438,Clackamas,,NA,NA,NA,NA,,NA,NA,NA,NA,NA,NA,NA,NA,,CL_50older_6ac,/vsizip/C:/Users/jasmi/OneDrive/Documents/Academic/OSU/Projects/OSS Project/Admin/Maps/OSS Shapefiles/CL New Sites shp.zip/CL_50older_6ac.shp|layername=CL_50older_6ac,11077,,0,0,0
145,53969,Clackamas,,NA,NA,NA,NA,,NA,NA,NA,NA,NA,NA,NA,NA,,CL_50older_6ac,/vsizip/C:/Users/jasmi/OneDrive/Documents/Academic/OSU/Projects/OSS Project/Admin/Maps/OSS Shapefiles/CL New Sites shp.zip/CL_50older_6ac.shp|layername=CL_50older_6ac,10304,,0,0,0
146,72390,Clackamas,,NA,NA,NA,NA,,NA,NA,NA,NA,NA,NA,NA,NA,,CL_50older_6ac,/vsizip/C:/Users/jasmi/OneDrive/Documents/Academic/OSU/Projects/OSS Project/Admin/Maps/OSS Shapefiles/CL New Sites shp.zip/CL_50older_6ac.shp|layername=CL_50older_6ac,11078,,0,0,0
148,3921,Clackamas,,NA,NA,NA,NA,,NA,NA,NA,NA,NA,NA,NA,NA,,CL_50older_6ac,/vsizip/C:/Users/jasmi/OneDrive/Documents/Academic/OSU/Projects/OSS Project/Admin/Maps/OSS Shapefiles/CL New Sites shp.zip/CL_50older_6ac.shp|layername=CL_50older_6ac,11065,,0,0,0
149,1073,Clackamas,06S-04E-18,58,549645,4988680,83.0635,WY,1,0,0,1,0,0,1,2017,Yes,OSS_All_Units2,C:/Users/jasmi/OneDrive/Documents/Academic/OSU/Projects/OSS Project/Admin/Maps/OSS Shapefiles/WY OSS Shapefiles/OSS_All_Units2/OSS_All_Units2.shp,10553,HB,1,1,0
150,46858,Clackamas,,NA,NA,NA,NA,,NA,NA,NA,NA,NA,NA,NA,NA,,CL_50older_6ac,/vsizip/C:/Users/jasmi/OneDrive/Documents/Academic/OSU/Projects/OSS Project/Admin/Maps/OSS Shapefiles/CL New Sites shp.zip/CL_50older_6ac.shp|layername=CL_50older_6ac,10039,,0,0,0
151,15554,Clackamas,,NA,NA,NA,NA,,NA,NA,NA,NA,NA,NA,NA,NA,,CL_50older_6ac,/vsizip/C:/Users/jasmi/OneDrive/Documents/Academic/OSU/Projects/OSS Project/Admin/Maps/OSS Shapefiles/CL New Sites shp.zip/CL_50older_6ac.shp|layername=CL_50older_6ac,10296,,0,0,0
152,15554,Clackamas,,NA,NA,NA,NA,,NA,NA,NA,NA,NA,NA,NA,NA,,CL_50older_6ac,/vsizip/C:/Users/jasmi/OneDrive/Documents/Academic/OSU/Projects/OSS Project/Admin/Maps/OSS Shapefiles/CL New Sites shp.zip/CL_50older_6ac.shp|layername=CL_50older_6ac,10296,,0,0,0
153,15554,Clackamas,,NA,NA,NA,NA,,NA,NA,NA,NA,NA,NA,NA,NA,,CL_50older_6ac,/vsizip/C:/Users/jasmi/OneDrive/Documents/Academic/OSU/Projects/OSS Project/Admin/Maps/OSS Shapefiles/CL New Sites shp.zip/CL_50older_6ac.shp|layername=CL_50older_6ac,10296,,0,0,0
155,2931,Clackamas,,NA,NA,NA,NA,,NA,NA,NA,NA,NA,NA,NA,NA,,CL_50older_6ac,/vsizip/C:/Users/jasmi/OneDrive/Documents/Academic/OSU/Projects/OSS Project/Admin/Maps/OSS Shapefiles/CL New Sites shp.zip/CL_50older_6ac.shp|layername=CL_50older_6ac,10297,,0,0,0
156,0,Clackamas,05S-03E-22,55,545664,4996940,107.005,PBTF,1,0,0,1,0,1,1,2013,No,OSS_All_Units2,C:/Users/jasmi/OneDrive/Documents/Academic/OSU/Projects/OSS Project/Admin/Maps/OSS Shapefiles/WY OSS Shapefiles/OSS_All_Units2/OSS_All_Units2.shp,33754,HU,1,1,0
160,1977,Clackamas,,NA,NA,NA,NA,,NA,NA,NA,NA,NA,NA,NA,NA,,CL_50older_6ac,/vsizip/C:/Users/jasmi/OneDrive/Documents/Academic/OSU/Projects/OSS Project/Admin/Maps/OSS Shapefiles/CL New Sites shp.zip/CL_50older_6ac.shp|layername=CL_50older_6ac,10005,,0,0,0
161,3923,Clackamas,,NA,NA,NA,NA,,NA,NA,NA,NA,NA,NA,NA,NA,,CL_50older_6ac,/vsizip/C:/Users/jasmi/OneDrive/Documents/Academic/OSU/Projects/OSS Project/Admin/Maps/OSS Shapefiles/CL New Sites shp.zip/CL_50older_6ac.shp|layername=CL_50older_6ac,10261,,0,0,0
163,51377,Clackamas,,NA,NA,NA,NA,,NA,NA,NA,NA,NA,NA,NA,NA,,CL_50older_6ac,/vsizip/C:/Users/jasmi/OneDrive/Documents/Academic/OSU/Projects/OSS Project/Admin/Maps/OSS Shapefiles/CL New Sites shp.zip/CL_50older_6ac.shp|layername=CL_50older_6ac,10262,,0,0,0
164,56596,Clackamas,,NA,NA,NA,NA,,NA,NA,NA,NA,NA,NA,NA,NA,,CL_50older_6ac,/vsizip/C:/Users/jasmi/OneDrive/Documents/Academic/OSU/Projects/OSS Project/Admin/Maps/OSS Shapefiles/CL New Sites shp.zip/CL_50older_6ac.shp|layername=CL_50older_6ac,11019,,0,0,0
166,15537,Clackamas,,NA,NA,NA,NA,,NA,NA,NA,NA,NA,NA,NA,NA,,CL_50older_6ac,/vsizip/C:/Users/jasmi/OneDrive/Documents/Academic/OSU/Projects/OSS Project/Admin/Maps/OSS Shapefiles/CL New Sites shp.zip/CL_50older_6ac.shp|layername=CL_50older_6ac,10247,,0,0,0
167,23106,Clackamas,,NA,NA,NA,NA,,NA,NA,NA,NA,NA,NA,NA,NA,,CL_50older_6ac,/vsizip/C:/Users/jasmi/OneDrive/Documents/Academic/OSU/Projects/OSS Project/Admin/Maps/OSS Shapefiles/CL New Sites shp.zip/CL_50older_6ac.shp|layername=CL_50older_6ac,10018,,0,0,0
168,0,Snowpeak,12S-01E-13,64,528722,4929930,42.5673,BLM,1,0,0,1,0,1,1,0,No,OSS_All_Units2,C:/Users/jasmi/OneDrive/Documents/Academic/OSU/Projects/OSS Project/Admin/Maps/OSS Shapefiles/WY OSS Shapefiles/OSS_All_Units2/OSS_All_Units2.shp,35466,UU,1,0,0
169,4209,Clackamas,,NA,NA,NA,NA,,NA,NA,NA,NA,NA,NA,NA,NA,,CL_50older_6ac,/vsizip/C:/Users/jasmi/OneDrive/Documents/Academic/OSU/Projects/OSS Project/Admin/Maps/OSS Shapefiles/CL New Sites shp.zip/CL_50older_6ac.shp|layername=CL_50older_6ac,10265,,0,0,0
170,4201,Clackamas,,NA,NA,NA,NA,,NA,NA,NA,NA,NA,NA,NA,NA,,CL_50older_6ac,/vsizip/C:/Users/jasmi/OneDrive/Documents/Academic/OSU/Projects/OSS Project/Admin/Maps/OSS Shapefiles/CL New Sites shp.zip/CL_50older_6ac.shp|layername=CL_50older_6ac,10269,,0,0,0
172,2524,North Cascade,,NA,NA,NA,29.54114741,,NA,NA,NA,NA,NA,NA,NA,NA,,,,12567,BU,0,0,0
174,2705,North Cascade,,NA,NA,NA,18.85209967,,NA,NA,NA,NA,NA,NA,NA,NA,,,,12775,BU,0,0,0
176,2030,North Cascade,,NA,NA,NA,6.09565155,,NA,NA,NA,NA,NA,NA,NA,NA,,,,12037,BU,0,0,0
177,2352,North Cascade,,NA,NA,NA,16.57485726,,NA,NA,NA,NA,NA,NA,NA,NA,,,,12390,BU,0,0,0
178,2353,North Cascade,,NA,NA,NA,39.99323695,,NA,NA,NA,NA,NA,NA,NA,NA,,,,12391,BU,0,0,0
179,2354,North Cascade,,NA,NA,NA,80.43134048,,NA,NA,NA,NA,NA,NA,NA,NA,,,,12392,BU,0,1,0
180,2355,North Cascade,,NA,NA,NA,9.08948008,,NA,NA,NA,NA,NA,NA,NA,NA,,,,12393,BU,0,0,0
181,2689,North Cascade,,NA,NA,NA,10.31689241,,NA,NA,NA,NA,NA,NA,NA,NA,,,,12756,BU,0,0,0
183,2386,North Cascade,,NA,NA,NA,51.15072838,,NA,NA,NA,NA,NA,NA,NA,NA,,,,12425,BU,0,0,0
185,2401,North Cascade,,NA,NA,NA,105.0181423,,NA,NA,NA,NA,NA,NA,NA,NA,,,,12440,BU,0,0,0
186,2440,North Cascade,,NA,NA,NA,34.51109612,,NA,NA,NA,NA,NA,NA,NA,NA,,,,12481,BU,0,0,0
187,2458,North Cascade,,NA,NA,NA,39.72726348,,NA,NA,NA,NA,NA,NA,NA,NA,,,,12499,BU,0,0,0
188,2460,North Cascade,,NA,NA,NA,44.4109313,,NA,NA,NA,NA,NA,NA,NA,NA,,,,12501,BU,0,0,0
191,2321,North Cascade,,NA,NA,NA,36.93025629,,NA,NA,NA,NA,NA,NA,NA,NA,,,,12351,BU,0,1,0
195,2410,North Cascade,,NA,NA,NA,47.07459298,,NA,NA,NA,NA,NA,NA,NA,NA,,,,12451,BU,0,0,0